date,feature_index,NO2
2026-01-01T00:00:00.000Z,0,
2025-12-29T00:00:00.000Z,0,9.577280070516281E-5
2026-01-02T00:00:00.000Z,0,3.826976353593636E-5
2025-12-28T00:00:00.000Z,0,
2025-12-30T00:00:00.000Z,0,6.928641381488309E-5
2025-12-31T00:00:00.000Z,0,
2025-12-26T00:00:00.000Z,0,
2025-12-27T00:00:00.000Z,0,
2026-02-14T00:00:00.000Z,0,
2026-02-13T00:00:00.000Z,0,
2026-02-16T00:00:00.000Z,0,5.249594323686324E-5
2026-02-19T00:00:00.000Z,0,
2026-02-18T00:00:00.000Z,0,
2026-02-15T00:00:00.000Z,0,2.995435660641701E-5
2026-02-12T00:00:00.000Z,0,3.121911322523374E-5
2026-02-17T00:00:00.000Z,0,
2026-08-10T00:00:00.000Z,0,5.7733734138309956E-5
2026-08-07T00:00:00.000Z,0,2.557000450244893E-5
2026-08-09T00:00:00.000Z,0,2.6821624983726494E-5
2026-08-08T00:00:00.000Z,0,3.2737223949824866E-5
2026-08-13T00:00:00.000Z,0,4.3085000001927696E-5
2026-08-12T00:00:00.000Z,0,3.031528313206791E-5
2026-08-11T00:00:00.000Z,0,4.235629500687102E-5
2026-08-14T00:00:00.000Z,0,5.5369236812993854E-5
2025-11-10T00:00:00.000Z,0,
2025-11-14T00:00:00.000Z,0,
2025-11-12T00:00:00.000Z,0,
2025-11-08T00:00:00.000Z,0,
2025-11-09T00:00:00.000Z,0,
2025-11-13T00:00:00.000Z,0,
2025-11-11T00:00:00.000Z,0,
2025-11-15T00:00:00.000Z,0,
2026-05-02T00:00:00.000Z,0,3.9952049659265096E-5
2026-04-26T00:00:00.000Z,0,2.997249456518947E-5
2026-04-25T00:00:00.000Z,0,2.5751280866119707E-5
2026-05-01T00:00:00.000Z,0,6.057554855942726E-5
2026-04-27T00:00:00.000Z,0,
2026-04-29T00:00:00.000Z,0,8.597069981735533E-6
2026-04-30T00:00:00.000Z,0,
2026-04-28T00:00:00.000Z,0,3.2843735569162835E-5
2025-08-25T00:00:00.000Z,0,4.914385741964603E-5
2025-08-26T00:00:00.000Z,0,5.955956448539809E-5
2025-08-27T00:00:00.000Z,0,4.250263737048954E-5
2025-08-24T00:00:00.000Z,0,4.0330991435874474E-5
2025-08-23T00:00:00.000Z,0,
2025-12-15T00:00:00.000Z,0,5.510728199927447E-5
2025-12-10T00:00:00.000Z,0,5.342750036537549E-5
2025-12-16T00:00:00.000Z,0,
2025-12-17T00:00:00.000Z,0,4.8051856113791774E-5
2025-12-12T00:00:00.000Z,0,3.744092568272858E-5
2025-12-13T00:00:00.000Z,0,4.69037884613499E-5
2025-12-11T00:00:00.000Z,0,
2025-12-14T00:00:00.000Z,0,
2026-05-21T00:00:00.000Z,0,2.2724060568869003E-5
2026-05-19T00:00:00.000Z,0,3.227229535696097E-5
2026-05-23T00:00:00.000Z,0,5.1126894781507715E-5
2026-05-25T00:00:00.000Z,0,6.666802801191807E-5
2026-05-26T00:00:00.000Z,0,4.643391518281229E-5
2026-05-20T00:00:00.000Z,0,3.7926648095284086E-5
2026-05-22T00:00:00.000Z,0,5.6366251101280795E-5
2026-05-24T00:00:00.000Z,0,3.925213257554622E-5
2025-12-19T00:00:00.000Z,0,
2025-12-23T00:00:00.000Z,0,3.720410131791141E-5
2025-12-18T00:00:00.000Z,0,
2025-12-25T00:00:00.000Z,0,4.4470654150548704E-5
2025-12-21T00:00:00.000Z,0,
2025-12-24T00:00:00.000Z,0,
2025-12-20T00:00:00.000Z,0,
2025-12-22T00:00:00.000Z,0,
2026-06-03T00:00:00.000Z,0,6.100848336895329E-5
2026-05-29T00:00:00.000Z,0,6.137035387310836E-5
2026-06-02T00:00:00.000Z,0,5.3165704775892665E-5
2026-06-01T00:00:00.000Z,0,4.2222093422121056E-5
2026-05-30T00:00:00.000Z,0,
2026-05-28T00:00:00.000Z,0,5.188424646413685E-5
2026-05-27T00:00:00.000Z,0,6.95980590881802E-5
2026-05-31T00:00:00.000Z,0,4.126526400796138E-5
2026-06-13T00:00:00.000Z,0,3.507439379807858E-5
2026-06-16T00:00:00.000Z,0,2.9719385786324203E-5
2026-06-15T00:00:00.000Z,0,5.459428713507033E-5
2026-06-19T00:00:00.000Z,0,4.651192350799895E-5
2026-06-18T00:00:00.000Z,0,4.207869923530697E-5
2026-06-14T00:00:00.000Z,0,3.174599643784859E-5
2026-06-17T00:00:00.000Z,0,3.427379452301521E-5
2026-06-12T00:00:00.000Z,0,
2026-07-31T00:00:00.000Z,0,2.9891593595283877E-5
2026-08-01T00:00:00.000Z,0,2.0328545856913976E-5
2026-08-06T00:00:00.000Z,0,3.9401661441925995E-5
2026-07-30T00:00:00.000Z,0,3.4824783352423066E-5
2026-08-04T00:00:00.000Z,0,2.9177205788349084E-5
2026-08-05T00:00:00.000Z,0,2.1605805545043427E-5
2026-08-02T00:00:00.000Z,0,1.0124775644037458E-5
2026-08-03T00:00:00.000Z,0,2.0530095946124867E-5
2026-08-16T00:00:00.000Z,0,2.6156363426046234E-5
2026-08-21T00:00:00.000Z,0,2.6630831212749012E-5
2026-08-18T00:00:00.000Z,0,2.0441411641403455E-5
2026-08-15T00:00:00.000Z,0,3.336642294016201E-5
2026-08-19T00:00:00.000Z,0,2.5197479000339765E-5
2026-08-22T00:00:00.000Z,0,3.202802362824458E-5
2026-08-17T00:00:00.000Z,0,1.551765209032138E-5
2026-08-20T00:00:00.000Z,0,2.166712905212383E-5
2026-04-06T00:00:00.000Z,0,2.4340877037805814E-5
2026-04-02T00:00:00.000Z,0,2.0098246386623943E-5
2026-04-05T00:00:00.000Z,0,2.438282327795715E-5
2026-04-04T00:00:00.000Z,0,
2026-04-08T00:00:00.000Z,0,2.3212005544337444E-5
2026-04-01T00:00:00.000Z,0,2.6259518535604883E-5
2026-04-03T00:00:00.000Z,0,2.3519552114797108E-5
2026-04-07T00:00:00.000Z,0,
2026-07-07T00:00:00.000Z,0,4.135294147999957E-5
2026-07-08T00:00:00.000Z,0,4.171931862271906E-5
2026-07-06T00:00:00.000Z,0,3.1158126148511656E-5
2026-05-15T00:00:00.000Z,0,3.569510978801797E-5
2026-05-17T00:00:00.000Z,0,5.2319832017625835E-5
2026-05-11T00:00:00.000Z,0,2.583807407297696E-5
2026-05-16T00:00:00.000Z,0,5.0938035201397724E-5
2026-05-18T00:00:00.000Z,0,5.5988100939430296E-5
2026-05-12T00:00:00.000Z,0,3.704935379849331E-5
2026-05-14T00:00:00.000Z,0,3.749434913378068E-5
2026-05-13T00:00:00.000Z,0,3.665404465485181E-5
2026-03-08T00:00:00.000Z,0,2.533774168114178E-5
2026-03-09T00:00:00.000Z,0,4.683436418417841E-5
2026-03-12T00:00:00.000Z,0,2.901238840422593E-5
2026-03-10T00:00:00.000Z,0,4.3005104609099885E-5
2026-03-13T00:00:00.000Z,0,3.479827157409293E-5
2026-03-15T00:00:00.000Z,0,4.736357550427783E-5
2026-03-11T00:00:00.000Z,0,1.484256131334405E-5
2026-03-14T00:00:00.000Z,0,4.516495350385826E-5
2026-03-19T00:00:00.000Z,0,3.30848888552282E-5
2026-03-16T00:00:00.000Z,0,4.287386163132792E-5
2026-03-21T00:00:00.000Z,0,2.7645672889775597E-5
2026-03-22T00:00:00.000Z,0,
2026-03-23T00:00:00.000Z,0,3.7897522036343745E-5
2026-03-20T00:00:00.000Z,0,
2026-03-17T00:00:00.000Z,0,2.5977637051255442E-5
2026-03-18T00:00:00.000Z,0,
2026-07-09T00:00:00.000Z,0,4.6403376968969084E-5
2026-07-10T00:00:00.000Z,0,3.575342331411472E-5
2026-07-11T00:00:00.000Z,0,
2026-07-13T00:00:00.000Z,0,2.8498919370824957E-5
2026-07-12T00:00:00.000Z,0,4.1527933386863545E-5
2025-10-18T00:00:00.000Z,0,2.9156458918860704E-5
2025-10-19T00:00:00.000Z,0,4.218462481730967E-5
2025-10-22T00:00:00.000Z,0,
2025-10-16T00:00:00.000Z,0,3.580884566128423E-5
2025-10-20T00:00:00.000Z,0,2.837436222762335E-5
2025-10-15T00:00:00.000Z,0,3.058760017721039E-5
2025-10-21T00:00:00.000Z,0,3.546740352307566E-5
2025-10-17T00:00:00.000Z,0,2.6532606473968674E-5
2026-06-06T00:00:00.000Z,0,2.7464875109637014E-5
2026-06-11T00:00:00.000Z,0,4.31710109985557E-5
2026-06-05T00:00:00.000Z,0,3.733623987390081E-5
2026-06-07T00:00:00.000Z,0,4.364597914514668E-5
2026-06-10T00:00:00.000Z,0,5.390656830665345E-5
2026-06-09T00:00:00.000Z,0,6.616204243045738E-5
2026-06-08T00:00:00.000Z,0,4.0642860536729245E-5
2026-06-04T00:00:00.000Z,0,9.104922520981E-5
2026-07-28T00:00:00.000Z,0,2.1809257163747105E-5
2026-07-24T00:00:00.000Z,0,5.6862932979129255E-5
2026-07-25T00:00:00.000Z,0,4.47703337572007E-5
2026-07-26T00:00:00.000Z,0,2.6959010752265883E-5
2026-07-22T00:00:00.000Z,0,4.19952909357127E-5
2026-07-29T00:00:00.000Z,0,2.639722151798196E-5
2026-07-23T00:00:00.000Z,0,5.473632812097024E-5
2026-07-27T00:00:00.000Z,0,
2025-11-30T00:00:00.000Z,0,
2025-11-26T00:00:00.000Z,0,
2025-11-25T00:00:00.000Z,0,5.075485690516265E-5
2025-11-28T00:00:00.000Z,0,3.324409700998449E-5
2025-11-29T00:00:00.000Z,0,
2025-12-01T00:00:00.000Z,0,
2025-11-27T00:00:00.000Z,0,
2025-11-24T00:00:00.000Z,0,
2025-09-25T00:00:00.000Z,0,2.3467857679613438E-5
2025-09-27T00:00:00.000Z,0,3.40708145703309E-5
2025-09-23T00:00:00.000Z,0,6.98584832813746E-5
2025-09-24T00:00:00.000Z,0,6.348610543985464E-5
2025-09-21T00:00:00.000Z,0,3.0655382832981445E-5
2025-09-22T00:00:00.000Z,0,2.693993018042282E-5
2025-09-28T00:00:00.000Z,0,1.4035242054088679E-5
2025-09-26T00:00:00.000Z,0,2.4645741315466832E-5
2026-01-17T00:00:00.000Z,0,2.7033367132389685E-5
2026-01-15T00:00:00.000Z,0,
2026-01-11T00:00:00.000Z,0,
2026-01-14T00:00:00.000Z,0,3.0200315086403863E-5
2026-01-13T00:00:00.000Z,0,
2026-01-16T00:00:00.000Z,0,
2026-01-18T00:00:00.000Z,0,
2026-01-12T00:00:00.000Z,0,
2025-10-11T00:00:00.000Z,0,3.750076631030938E-5
2025-10-12T00:00:00.000Z,0,1.6168765400222906E-5
2025-10-14T00:00:00.000Z,0,2.7153310211912014E-5
2025-10-09T00:00:00.000Z,0,5.292302133360257E-5
2025-10-13T00:00:00.000Z,0,2.9302858076169453E-5
2025-10-10T00:00:00.000Z,0,4.7202924997691297E-5
2025-10-07T00:00:00.000Z,0,5.560907161314831E-5
2025-10-08T00:00:00.000Z,0,4.7788858637431986E-5
2025-09-20T00:00:00.000Z,0,2.5205212240976953E-5
2025-09-16T00:00:00.000Z,0,4.8069401873362946E-5
2025-09-18T00:00:00.000Z,0,2.6904395740116755E-5
2025-09-15T00:00:00.000Z,0,4.5021351784920883E-5
2025-09-14T00:00:00.000Z,0,3.3704702659495965E-5
2025-09-19T00:00:00.000Z,0,2.1124364400637923E-5
2025-09-13T00:00:00.000Z,0,3.5406102941840686E-5
2025-09-17T00:00:00.000Z,0,5.6688013180117943E-5
2026-02-03T00:00:00.000Z,0,3.119267068996123E-5
2026-02-01T00:00:00.000Z,0,2.4233406293205917E-5
2026-01-31T00:00:00.000Z,0,4.3144944083906014E-5
2026-01-28T00:00:00.000Z,0,
2026-01-29T00:00:00.000Z,0,4.602554299008961E-5
2026-02-02T00:00:00.000Z,0,4.532417096925201E-5
2026-01-27T00:00:00.000Z,0,
2026-01-30T00:00:00.000Z,0,2.010993134520148E-5
2026-04-16T00:00:00.000Z,0,2.4503500202571917E-5
2026-04-13T00:00:00.000Z,0,2.2316035414626118E-5
2026-04-15T00:00:00.000Z,0,3.2117547699740634E-5
2026-04-12T00:00:00.000Z,0,2.2798369500378612E-5
2026-04-10T00:00:00.000Z,0,4.611633630702272E-5
2026-04-11T00:00:00.000Z,0,4.9877183907180246E-5
2026-04-09T00:00:00.000Z,0,
2026-04-14T00:00:00.000Z,0,2.248344996284383E-5
2026-05-08T00:00:00.000Z,0,3.177242813928222E-5
2026-05-06T00:00:00.000Z,0,3.572294270160262E-5
2026-05-10T00:00:00.000Z,0,2.8427007331127493E-5
2026-05-03T00:00:00.000Z,0,3.1617949802735396E-5
2026-05-07T00:00:00.000Z,0,4.078585535546264E-5
2026-05-09T00:00:00.000Z,0,3.0888567607689765E-5
2026-05-04T00:00:00.000Z,0,4.106347685216139E-5
2026-05-05T00:00:00.000Z,0,2.5933479071571845E-5
2025-12-04T00:00:00.000Z,0,
2025-12-05T00:00:00.000Z,0,5.817276644393132E-5
2025-12-02T00:00:00.000Z,0,5.271259336344277E-5
2025-12-06T00:00:00.000Z,0,
2025-12-09T00:00:00.000Z,0,
2025-12-08T00:00:00.000Z,0,
2025-12-03T00:00:00.000Z,0,7.998887263561806E-5
2025-12-07T00:00:00.000Z,0,2.013089908814436E-5
2025-09-08T00:00:00.000Z,0,6.394291328130446E-5
2025-09-10T00:00:00.000Z,0,3.4150286670150566E-5
2025-09-12T00:00:00.000Z,0,3.0737517563190494E-5
2025-09-11T00:00:00.000Z,0,2.7358154732086625E-5
2025-09-06T00:00:00.000Z,0,2.8712899721641508E-5
2025-09-07T00:00:00.000Z,0,5.870410363554997E-5
2025-09-09T00:00:00.000Z,0,3.897021259844122E-5
2025-09-05T00:00:00.000Z,0,3.367864243547705E-5
2026-04-21T00:00:00.000Z,0,5.7843243606233345E-5
2026-04-20T00:00:00.000Z,0,4.043699250773484E-5
2026-04-19T00:00:00.000Z,0,4.092241265011994E-5
2026-04-22T00:00:00.000Z,0,
2026-04-18T00:00:00.000Z,0,3.7207380955806E-5
2026-04-17T00:00:00.000Z,0,3.2460857679931604E-5
2026-04-24T00:00:00.000Z,0,1.687104960873748E-5
2026-04-23T00:00:00.000Z,0,4.198994120088173E-5
2025-09-30T00:00:00.000Z,0,3.547936648828909E-5
2025-10-01T00:00:00.000Z,0,
2025-10-02T00:00:00.000Z,0,2.9256703700494572E-5
2025-10-06T00:00:00.000Z,0,2.8124871539947698E-5
2025-10-04T00:00:00.000Z,0,3.506504317280787E-5
2025-10-03T00:00:00.000Z,0,4.3485733564893685E-5
2025-10-05T00:00:00.000Z,0,1.5927992344586527E-5
2025-09-29T00:00:00.000Z,0,2.8669971753157426E-5
2026-01-23T00:00:00.000Z,0,
2026-01-25T00:00:00.000Z,0,9.286364274885273E-6
2026-01-19T00:00:00.000Z,0,3.52634457259329E-5
2026-01-21T00:00:00.000Z,0,3.103223581788103E-5
2026-01-22T00:00:00.000Z,0,
2026-01-26T00:00:00.000Z,0,
2026-01-20T00:00:00.000Z,0,2.713532194320578E-5
2026-01-24T00:00:00.000Z,0,3.0093851541500448E-5
2025-10-27T00:00:00.000Z,0,
2025-10-23T00:00:00.000Z,0,4.2966000971015696E-5
2025-10-29T00:00:00.000Z,0,
2025-10-26T00:00:00.000Z,0,4.832873401028337E-5
2025-10-28T00:00:00.000Z,0,3.42889288731385E-5
2025-10-30T00:00:00.000Z,0,3.742252430618884E-5
2025-10-25T00:00:00.000Z,0,4.1565653821005704E-5
2025-10-24T00:00:00.000Z,0,
2025-11-20T00:00:00.000Z,0,
2025-11-19T00:00:00.000Z,0,
2025-11-17T00:00:00.000Z,0,
2025-11-22T00:00:00.000Z,0,
2025-11-23T00:00:00.000Z,0,
2025-11-18T00:00:00.000Z,0,3.344402539369184E-5
2025-11-21T00:00:00.000Z,0,
2025-11-16T00:00:00.000Z,0,
2026-02-25T00:00:00.000Z,0,
2026-02-23T00:00:00.000Z,0,
2026-02-24T00:00:00.000Z,0,
2026-02-26T00:00:00.000Z,0,4.3773211343380224E-5
2026-02-22T00:00:00.000Z,0,
2026-02-21T00:00:00.000Z,0,
2026-02-20T00:00:00.000Z,0,3.1503480931860396E-5
2026-02-27T00:00:00.000Z,0,3.21698601175357E-5
2026-07-02T00:00:00.000Z,0,5.180390276522799E-5
2026-07-04T00:00:00.000Z,0,2.295696579797853E-5
2026-07-03T00:00:00.000Z,0,4.217681127942562E-5
2026-07-01T00:00:00.000Z,0,4.915830180779625E-5
2026-06-29T00:00:00.000Z,0,4.868773502301227E-5
2026-06-30T00:00:00.000Z,0,8.43655342936417E-5
2026-07-05T00:00:00.000Z,0,2.4017945565212745E-5
2026-06-28T00:00:00.000Z,0,3.937317661907538E-5
2025-09-03T00:00:00.000Z,0,2.1606088494357238E-5
2025-09-04T00:00:00.000Z,0,1.9600056034643345E-5
2025-09-02T00:00:00.000Z,0,8.706719217061067E-6
2025-08-29T00:00:00.000Z,0,1.926583249336372E-5
2025-08-30T00:00:00.000Z,0,3.552663383743493E-5
2025-08-28T00:00:00.000Z,0,3.6768050939337205E-5
2025-08-31T00:00:00.000Z,0,1.7997540446616988E-5
2025-09-01T00:00:00.000Z,0,1.969937641137442E-5
2026-01-03T00:00:00.000Z,0,
2026-01-04T00:00:00.000Z,0,4.378451681344921E-5
2026-01-06T00:00:00.000Z,0,2.4026625396800227E-5
2026-01-10T00:00:00.000Z,0,
2026-01-07T00:00:00.000Z,0,
2026-01-08T00:00:00.000Z,0,
2026-01-05T00:00:00.000Z,0,
2026-01-09T00:00:00.000Z,0,
2026-06-22T00:00:00.000Z,0,2.3576454526791526E-5
2026-06-26T00:00:00.000Z,0,3.71665869765407E-5
2026-06-20T00:00:00.000Z,0,3.337857731711472E-5
2026-06-21T00:00:00.000Z,0,2.8288697704380013E-5
2026-06-27T00:00:00.000Z,0,4.12186883522736E-5
2026-06-23T00:00:00.000Z,0,
2026-06-24T00:00:00.000Z,0,2.8951266827017676E-5
2026-06-25T00:00:00.000Z,0,2.876451022034003E-5
2026-07-21T00:00:00.000Z,0,5.59509358026844E-5
2026-07-15T00:00:00.000Z,0,1.9867542016828736E-5
2026-07-20T00:00:00.000Z,0,3.490888004654109E-5
2026-07-17T00:00:00.000Z,0,3.7458768267904155E-5
2026-07-16T00:00:00.000Z,0,3.255631732331081E-5
2026-07-14T00:00:00.000Z,0,3.398581917611988E-5
2026-07-19T00:00:00.000Z,0,3.945594683803696E-5
2026-07-18T00:00:00.000Z,0,3.271248092597957E-5
2026-08-23T00:00:00.000Z,0,2.915213540153204E-5
2025-11-06T00:00:00.000Z,0,4.301357057556743E-5
2025-11-03T00:00:00.000Z,0,
2025-11-05T00:00:00.000Z,0,
2025-10-31T00:00:00.000Z,0,3.4155462142532797E-6
2025-11-02T00:00:00.000Z,0,8.366747351828963E-6
2025-11-04T00:00:00.000Z,0,
2025-11-07T00:00:00.000Z,0,4.2122467524071304E-5
2025-11-01T00:00:00.000Z,0,
2026-03-26T00:00:00.000Z,0,5.290675729948787E-5
2026-03-30T00:00:00.000Z,0,3.265293728165691E-5
2026-03-24T00:00:00.000Z,0,
2026-03-31T00:00:00.000Z,0,2.7097464044345543E-5
2026-03-28T00:00:00.000Z,0,
2026-03-27T00:00:00.000Z,0,4.9824824340508454E-5
2026-03-25T00:00:00.000Z,0,4.077919074916281E-5
2026-03-29T00:00:00.000Z,0,3.9160153210104906E-5
2026-03-03T00:00:00.000Z,0,
2026-03-05T00:00:00.000Z,0,3.5063217183051165E-5
2026-03-06T00:00:00.000Z,0,
2026-03-02T00:00:00.000Z,0,
2026-03-01T00:00:00.000Z,0,
2026-03-04T00:00:00.000Z,0,3.2511476547369966E-5
2026-02-28T00:00:00.000Z,0,
2026-03-07T00:00:00.000Z,0,
2026-02-04T00:00:00.000Z,0,3.4741266842632156E-5
2026-02-05T00:00:00.000Z,0,3.1918648245563316E-5
2026-02-11T00:00:00.000Z,0,
2026-02-06T00:00:00.000Z,0,2.6502020925060304E-5
2026-02-09T00:00:00.000Z,0,
2026-02-07T00:00:00.000Z,0,
2026-02-08T00:00:00.000Z,0,
2026-02-10T00:00:00.000Z,0,3.463835537331761E-5
