date,NO2,CO,HCHO,SO2,O3,CH4
2025-08-23 00:00:00+00:00,,,,,,
2025-08-24 00:00:00+00:00,4.033099143587448e-05,0.0357882487773895,0.0002168564037674514,0.00028706747730211646,0.116272848663908,1883.025390625
2025-08-25 00:00:00+00:00,4.914385741964603e-05,0.0322554917633533,0.00024330982837868348,0.0005618075647913483,0.1167456412857229,
2025-08-26 00:00:00+00:00,5.955956448539809e-05,0.0353587754070758,0.00023322685239801297,0.00013639082736159307,0.1159520307273575,
2025-08-27 00:00:00+00:00,4.250263737048954e-05,0.0356393416970968,0.00021907180849839715,0.0002722509251768878,0.1160669493855852,
2025-08-28 00:00:00+00:00,3.6768050939337205e-05,0.02872855834929,0.00020156530514387196,-2.56367927451922e-05,0.1160918668364033,
2025-08-29 00:00:00+00:00,1.926583249336372e-05,0.0257774070836603,8.050260868747665e-05,0.00015120934455938238,0.1138266399502754,1859.6929931640625
2025-08-30 00:00:00+00:00,3.552663383743493e-05,0.0263121396096216,0.00010421157069438117,8.113046075750114e-05,0.1154179737874955,1880.842529296875
2025-08-31 00:00:00+00:00,1.7997540446616988e-05,0.0240619066171348,9.032186301627723e-05,6.324671280846374e-05,0.116412545243899,
2025-09-01 00:00:00+00:00,1.969937641137442e-05,0.0270642982079432,0.00011043075425153472,0.00014503455917513224,0.1155951084061102,
2025-09-02 00:00:00+00:00,8.706719217061067e-06,0.0244947917138536,4.351248435341404e-05,1.403257669373874e-05,0.1146621591213977,1871.575667842742
2025-09-03 00:00:00+00:00,2.160608849435724e-05,0.0231728682007927,4.788274980621116e-05,9.207024038804582e-05,0.1136881812955394,1893.2257967862213
2025-09-04 00:00:00+00:00,1.9600056034643345e-05,0.0267197266221046,0.00011632590989200142,6.41014138168292e-05,0.1139314073053273,1861.8680377828664
2025-09-05 00:00:00+00:00,3.367864243547705e-05,0.0358421589163216,0.0001693543114621813,0.0002509594888772082,0.1140824676011547,
2025-09-06 00:00:00+00:00,2.8712899721641508e-05,0.0308748816698789,6.040895459591411e-05,0.00012438627003575676,0.1128657830483985,
2025-09-07 00:00:00+00:00,5.870410363554997e-05,0.0377115744420073,0.0001999040779826993,0.00012350290310016797,0.1133904145522551,
2025-09-08 00:00:00+00:00,6.394291328130446e-05,0.0386617854237556,0.0001836173100855376,0.00016694419851277914,0.1126926121386614,
2025-09-09 00:00:00+00:00,3.897021259844122e-05,0.0301116623369784,0.0001178790182705227,8.095719746854968e-05,0.1149856890692855,
2025-09-10 00:00:00+00:00,3.4150286670150566e-05,0.0261382171108076,0.00016024528882349715,0.0001254662966967489,0.1164095024719382,
2025-09-11 00:00:00+00:00,2.7358154732086625e-05,0.0264959925164779,9.955735770221727e-05,-3.715676465424512e-05,0.1159960735927928,
2025-09-12 00:00:00+00:00,3.0737517563190494e-05,0.0297970209991739,0.00015404000240585336,0.0001175753698617248,0.1148213197787602,
2025-09-13 00:00:00+00:00,3.5406102941840686e-05,0.029879438935926,0.00016394412391078234,0.0001290820170349131,0.1160340943571293,1880.800580705915
2025-09-14 00:00:00+00:00,3.3704702659495965e-05,0.0288704546401277,0.0002200073867050268,0.0002794845346546605,0.1163583759105566,
2025-09-15 00:00:00+00:00,4.502135178492088e-05,0.0308174571643273,0.00015062940532328052,9.17973963753736e-05,0.1160356284994067,
2025-09-16 00:00:00+00:00,4.806940187336295e-05,0.0287467721583587,0.00034143522341388425,-2.4275199393741783e-05,0.1162316257303411,
2025-09-17 00:00:00+00:00,5.668801318011794e-05,0.0349980179220438,0.00020722547704001324,0.00023777417822123465,0.115765812270569,
2025-09-18 00:00:00+00:00,2.6904395740116755e-05,0.0275344337026278,0.0001265953502661432,3.7100303188708494e-05,0.1135180901848908,
2025-09-19 00:00:00+00:00,2.1124364400637923e-05,0.0251723253168165,0.00011520951143624684,6.218330170006745e-05,0.1131669474822102,1894.922418767756
2025-09-20 00:00:00+00:00,2.5205212240976957e-05,0.0255600169507993,,,,1897.4864501953125
2025-09-21 00:00:00+00:00,3.0655382832981445e-05,0.0301025353837758,0.00012335312269649214,-1.7278618046971545e-05,0.114176169263594,1759.156997680664
2025-09-22 00:00:00+00:00,2.693993018042282e-05,0.0276656801541966,0.00013968595565970509,0.00038927850586002353,0.1140659853364482,
2025-09-23 00:00:00+00:00,6.98584832813746e-05,0.039030802086927,0.00024379558299463525,4.572172080984136e-05,0.1140577470262845,1830.9173583984373
2025-09-24 00:00:00+00:00,6.348610543985464e-05,0.0390205034805882,0.0002783239981385343,0.00012107580791411182,0.113530483887051,1792.5723266601562
2025-09-25 00:00:00+00:00,2.346785767961344e-05,0.0275107962079346,0.0001600996639546903,-2.417251346631736e-05,0.1132966431252884,1867.250752766927
2025-09-26 00:00:00+00:00,2.4645741315466832e-05,0.0310867089454246,0.00013990507988747788,-5.0223366722065926e-05,0.113969053057107,1882.959285960478
2025-09-27 00:00:00+00:00,3.40708145703309e-05,0.0327839313281907,0.00014952509476036843,2.637553673897249e-05,0.1169805964737227,
2025-09-28 00:00:00+00:00,1.403524205408868e-05,0.0313087457726741,0.00010750107185920184,-7.067900111051682e-05,0.1169012423717614,1839.7042083740237
2025-09-29 00:00:00+00:00,2.8669971753157423e-05,0.0303827234144721,0.00014573307501478033,1.774300342345448e-05,0.1168823007381323,
2025-09-30 00:00:00+00:00,3.547936648828909e-05,,,,,
2025-10-01 00:00:00+00:00,,,,,0.1156163976499528,
2025-10-02 00:00:00+00:00,2.925670370049457e-05,0.0263548131602314,0.00013518117106920698,-7.763723569400044e-05,0.1151695066329204,
2025-10-03 00:00:00+00:00,4.3485733564893685e-05,0.0347939757329802,0.0001711595663933126,4.3142523336979204e-07,0.1164211858854149,
2025-10-04 00:00:00+00:00,3.506504317280787e-05,0.0326750914255778,0.00017892722349422525,3.211462054960893e-05,0.1145409029541593,1879.4046020507808
2025-10-05 00:00:00+00:00,1.5927992344586527e-05,0.0321300408104434,0.00015743542793312702,-0.00014815505631607568,0.1155330414573351,
2025-10-06 00:00:00+00:00,2.8124871539947694e-05,0.0317678592961143,0.0001677193516970323,-0.00010898502453280592,0.118409574257605,
2025-10-07 00:00:00+00:00,5.560907161314831e-05,0.0429353861138224,0.00016989838800465364,1.8013608606645104e-06,0.1194670877673409,1733.66064453125
2025-10-08 00:00:00+00:00,4.778885863743199e-05,0.0373159868021806,0.0001862784506556636,0.0002207985770837695,0.1169297458095984,
2025-10-09 00:00:00+00:00,5.292302133360257e-05,0.0385312500338141,0.0001575659583162131,3.611371363964783e-05,0.1188392259857871,
2025-10-10 00:00:00+00:00,4.7202924997691297e-05,0.0350954918047556,0.0001739423947810792,0.00028985565797068347,0.1176872923970222,1893.6498006184893
2025-10-11 00:00:00+00:00,3.750076631030938e-05,0.0299976869045119,0.00024186090627154044,-8.002294922941171e-05,0.1134594945293484,
2025-10-12 00:00:00+00:00,1.6168765400222906e-05,0.0267856517737662,0.0001315044150529006,-6.33898957995839e-05,0.1149048324335705,
2025-10-13 00:00:00+00:00,2.9302858076169453e-05,0.0260190942324697,0.00012543128966144374,6.751315782876742e-05,0.1174864744146664,
2025-10-14 00:00:00+00:00,2.715331021191201e-05,0.0274996543648066,9.36536512337184e-05,-1.7443376815539192e-05,0.118566159723383,1864.9695909288196
2025-10-15 00:00:00+00:00,3.058760017721039e-05,0.0311189932240681,0.00017721930183170392,-6.195646305555287e-05,0.1183550834204211,1880.3540174696184
2025-10-16 00:00:00+00:00,3.580884566128423e-05,0.0293982227865074,0.00016418933015908502,0.0001558770065016826,0.1208205703984607,1902.252296447754
2025-10-17 00:00:00+00:00,2.6532606473968677e-05,0.029645704054113,0.00012398433528053857,3.395502285870448e-05,0.1199033878969423,1864.4217348451969
2025-10-18 00:00:00+00:00,2.9156458918860704e-05,0.0267004147171974,9.309190522110316e-05,0.00010528836077300542,0.119154002178799,
2025-10-19 00:00:00+00:00,4.218462481730967e-05,0.0375929259725155,0.00027475599798729974,-0.0002528685280969298,0.1156936626542698,
2025-10-20 00:00:00+00:00,2.837436222762335e-05,0.0305450264025818,9.978754055087588e-05,-2.9386326989171925e-05,0.1157401951425003,
2025-10-21 00:00:00+00:00,3.546740352307566e-05,0.0297361811972223,0.00011949268135325042,8.330776806057353e-06,0.1175482058615395,
2025-10-22 00:00:00+00:00,,,,,0.1196705651554194,
2025-10-23 00:00:00+00:00,4.2966000971015696e-05,0.0301649627777246,0.00017855806855814375,2.6146539297652424e-05,0.1159977289763364,
2025-10-24 00:00:00+00:00,,,,,0.1167697475263566,
2025-10-25 00:00:00+00:00,4.15656538210057e-05,0.0358187497521822,0.00012459101715649014,0.0001627740437106695,0.1167261544050592,
2025-10-26 00:00:00+00:00,4.832873401028337e-05,0.0352522537274205,0.00024092402461974412,8.566654717123172e-05,0.1176390198595596,
2025-10-27 00:00:00+00:00,,,,,0.116649987345392,
2025-10-28 00:00:00+00:00,3.42889288731385e-05,0.028489506936499,4.9257897383843856e-05,-2.119971425145195e-05,0.1130275985959804,
2025-10-29 00:00:00+00:00,,,,,0.1167822462139707,
2025-10-30 00:00:00+00:00,3.742252430618884e-05,0.0302024774253368,0.00016248556248148603,-3.41822002295745e-05,0.1176384382627227,
2025-10-31 00:00:00+00:00,3.41554621425328e-06,0.0274663604795932,3.296864380786246e-05,-5.999095689427728e-05,0.1161616620692339,
2025-11-01 00:00:00+00:00,,,0.00015503011551724435,,0.1159691273263006,
2025-11-02 00:00:00+00:00,8.366747351828963e-06,0.0300705917179584,6.44210900645703e-05,8.509528925060295e-06,0.1180484976732369,
2025-11-03 00:00:00+00:00,,,,,0.1184747957370497,
2025-11-04 00:00:00+00:00,,,,,0.1166848808978543,
2025-11-05 00:00:00+00:00,,,,,0.117597611113028,
2025-11-06 00:00:00+00:00,4.301357057556743e-05,0.0274688769131898,0.0002197830330032957,0.00022653957473396853,0.1136611659418452,
2025-11-07 00:00:00+00:00,4.21224675240713e-05,0.0282878138435383,0.00021338478634586665,0.00019426026735275696,0.1143264779538819,
2025-11-08 00:00:00+00:00,,,,,0.1161395117188945,
2025-11-09 00:00:00+00:00,,,,,0.1170662772474867,
2025-11-10 00:00:00+00:00,,,,,0.1157139499079097,
2025-11-11 00:00:00+00:00,,,,,0.1170578598976135,
2025-11-12 00:00:00+00:00,,,0.0005288001848384738,,0.1159417514096606,
2025-11-13 00:00:00+00:00,,,0.0003192426811438054,,0.1156754107637838,
2025-11-14 00:00:00+00:00,,,,,0.1164853649609016,
2025-11-15 00:00:00+00:00,,,,,0.1167132371302807,
2025-11-16 00:00:00+00:00,,0.0301711782813072,0.0004171407526882831,0.00024153604208549951,0.1162500593698386,
2025-11-17 00:00:00+00:00,,0.0288859847933053,0.0003423984647573282,,0.115911913189021,
2025-11-18 00:00:00+00:00,3.344402539369184e-05,0.0387312332168221,0.0002660483571364441,5.8920344736179685e-05,0.1136230769934076,
2025-11-19 00:00:00+00:00,,,0.0004872580636098671,1.427504927657234e-05,0.1150462103612495,
2025-11-20 00:00:00+00:00,,,,,0.1161496889862147,
2025-11-21 00:00:00+00:00,,0.0288210622966289,0.00027493318521010224,-0.00010788044892251492,0.1141253427574128,
2025-11-22 00:00:00+00:00,,,0.0005513580923434347,,0.1166431718703472,
2025-11-23 00:00:00+00:00,,0.0311448976752303,0.00029405607710941695,8.419775151517516e-05,0.1134733729290239,
2025-11-24 00:00:00+00:00,,,0.0002704465556522145,0.0001459522027289495,0.1164269442811156,
2025-11-25 00:00:00+00:00,5.075485690516265e-05,0.0301002056027452,0.00024594702990725635,-0.00014056145866763673,0.1134655475616455,
2025-11-26 00:00:00+00:00,,0.0256856358968294,,,0.1129079005031874,
2025-11-27 00:00:00+00:00,,,,,0.1166756259221019,
2025-11-28 00:00:00+00:00,3.324409700998449e-05,0.0283735310358385,0.0001340660377818808,0.00025789223554266547,0.1131674130306099,
2025-11-29 00:00:00+00:00,,0.0308067204342001,0.00021733447940040725,8.087487302483558e-05,0.1146361685611985,
2025-11-30 00:00:00+00:00,,,,,0.1157643734054131,
2025-12-01 00:00:00+00:00,,,,,0.1168538690967993,
2025-12-02 00:00:00+00:00,5.271259336344277e-05,0.0286020634695887,0.00020783332634575504,0.0001988986664133229,0.115005006618572,
2025-12-03 00:00:00+00:00,7.998887263561806e-05,0.0291191041469573,0.0002534842470777221,5.504739081061416e-05,0.1160704924753218,
2025-12-04 00:00:00+00:00,,,,,0.1160853649630691,
2025-12-05 00:00:00+00:00,5.817276644393132e-05,0.0269377682019363,0.00019605152192525568,3.744149591622056e-05,0.1152568163745331,
2025-12-06 00:00:00+00:00,,,,,0.1161870947389891,
2025-12-07 00:00:00+00:00,2.013089908814436e-05,0.036378163844347,0.00015599950008133117,2.2701481481947535e-05,0.1144151653755794,
2025-12-08 00:00:00+00:00,,0.0246935170143842,,,0.1156462315808643,
2025-12-09 00:00:00+00:00,,,,,0.1169350806510809,
2025-12-10 00:00:00+00:00,5.342750036537549e-05,0.0337165507177511,0.00021125404035763384,0.00015048121463912662,0.1164501228115775,
2025-12-11 00:00:00+00:00,,0.0303418154103888,,,0.1145451813936233,
2025-12-12 00:00:00+00:00,3.744092568272858e-05,0.0305011377980311,0.00016247014978684353,4.605637150234543e-05,0.1133280470967292,
2025-12-13 00:00:00+00:00,4.69037884613499e-05,0.0293749473722917,0.00020948603297357395,7.009301870394583e-05,0.1134682880206541,
2025-12-14 00:00:00+00:00,,0.0266687492174761,,,0.116745674700448,
2025-12-15 00:00:00+00:00,5.510728199927447e-05,0.0284806331901839,0.0002239301740094864,0.0001313894603615905,0.115817309329004,
2025-12-16 00:00:00+00:00,,,,,0.1149170732859409,
2025-12-17 00:00:00+00:00,4.8051856113791774e-05,0.0297477234775821,0.00019320779938425403,7.153389360592399e-05,0.1158098093036449,
2025-12-18 00:00:00+00:00,,0.0292855165898799,,,0.1152842539277943,
2025-12-19 00:00:00+00:00,,0.0287918616086244,,,0.1133415249712539,
2025-12-20 00:00:00+00:00,,0.0274659643570582,8.582140064087677e-05,0.0004894666490145028,0.1134167311317992,
2025-12-21 00:00:00+00:00,,0.0255372001833858,8.646610133481495e-05,0.0001574664614573911,0.1139320995319973,
2025-12-22 00:00:00+00:00,,,0.0004433197318576276,,0.1174387229662953,
2025-12-23 00:00:00+00:00,3.720410131791141e-05,0.0275760876158109,0.00017985959796836443,0.0005508252249152671,0.114519652769421,
2025-12-24 00:00:00+00:00,,0.0230365756899118,2.593832323327661e-05,0.000292176497168839,0.1160594834522767,
2025-12-25 00:00:00+00:00,4.4470654150548704e-05,0.0282438122216732,0.00016781634593299763,0.00023149894377638705,0.1153706208322987,
2025-12-26 00:00:00+00:00,,,0.00030674893787363544,7.606360304635018e-05,0.1144637921542832,
2025-12-27 00:00:00+00:00,,,0.00031296006636694074,0.00015227744006551802,0.1131975343733122,
2025-12-28 00:00:00+00:00,,0.0233884304761886,0.0002635042110341601,0.0007772025419399142,0.1149792183529247,
2025-12-29 00:00:00+00:00,9.57728007051628e-05,0.0305115521675156,0.00022400871275749524,0.0008807314268779009,0.1135624945163726,
2025-12-30 00:00:00+00:00,6.928641381488309e-05,0.0328669709463914,0.0002470376828568988,0.0003819383093607886,0.1142217288866187,
2025-12-31 00:00:00+00:00,,,,,0.1152221126989884,
2026-01-01 00:00:00+00:00,,0.0292052627773955,-6.594415754079819e-05,0.0001424708461854607,0.1149422445080497,
2026-01-02 00:00:00+00:00,3.826976353593636e-05,0.0299080330878496,0.000224778296407229,0.00011988330503040093,0.1110627082261172,
2026-01-03 00:00:00+00:00,,0.027476809422175,0.00013953335428595892,0.0002650461678967986,0.1118345788934014,
2026-01-04 00:00:00+00:00,4.378451681344921e-05,0.0286519681103527,0.00019237591887729416,0.00018466249078081656,0.1132571518872723,
2026-01-05 00:00:00+00:00,,,0.0001957604690687731,-0.0002160306175937876,0.1129188194419398,
2026-01-06 00:00:00+00:00,2.4026625396800227e-05,,0.0002715438412994239,0.0001374337213227201,0.1122966198758645,
2026-01-07 00:00:00+00:00,,,,,0.114240854527011,
2026-01-08 00:00:00+00:00,,0.0272040944546461,,,0.1135987309795437,
2026-01-09 00:00:00+00:00,,,,,0.114926165477796,
2026-01-10 00:00:00+00:00,,,,,0.1144683162371317,
2026-01-11 00:00:00+00:00,,,0.0002007357106776908,-5.752223296440207e-05,0.1133972553141189,
2026-01-12 00:00:00+00:00,,,,,0.1138976814620422,
2026-01-13 00:00:00+00:00,,0.026646657846868,,,0.1131919161839918,
2026-01-14 00:00:00+00:00,3.0200315086403863e-05,0.0250355265392311,9.511230396326384e-05,3.6252048573715e-05,0.1116535451376077,
2026-01-15 00:00:00+00:00,,,,,0.1127852989417134,
2026-01-16 00:00:00+00:00,,,0.00014187157012202078,2.405486520729028e-05,0.1117926224163084,
2026-01-17 00:00:00+00:00,2.7033367132389685e-05,,4.687124081621212e-06,-0.0003683189050726858,0.1131405561710849,
2026-01-18 00:00:00+00:00,,,,,0.1136260091355352,
2026-01-19 00:00:00+00:00,3.52634457259329e-05,0.0283652332231954,0.00014282849664787615,5.999760907415246e-05,0.1147509230808778,
2026-01-20 00:00:00+00:00,2.713532194320578e-05,0.0252896416932344,0.0001466692844717597,3.885195383190876e-06,0.1127269794092033,
2026-01-21 00:00:00+00:00,3.103223581788103e-05,0.02396420451502,0.00011359294655972695,-3.617753188309232e-05,0.113240604825092,
2026-01-22 00:00:00+00:00,,,,,0.1126147574096015,
2026-01-23 00:00:00+00:00,,,,,0.1123092996351646,
2026-01-24 00:00:00+00:00,3.0093851541500448e-05,0.0266956793410437,9.374947946044438e-05,3.974354058300378e-06,0.1132798294226328,
2026-01-25 00:00:00+00:00,9.286364274885273e-06,0.023809783367647,0.00013431999254212963,0.00014195769836078398,0.1138597850998242,
2026-01-26 00:00:00+00:00,,0.024502695351839,0.00012390473338283218,3.947717450500932e-05,0.1120408459594755,
2026-01-27 00:00:00+00:00,,0.0329677228815853,,,0.1130168661475181,
2026-01-28 00:00:00+00:00,,,,,0.1144613799723711,
2026-01-29 00:00:00+00:00,4.602554299008961e-05,0.0306626477375112,0.00012992350191500288,-2.700494496821193e-05,0.1141063214251489,
2026-01-30 00:00:00+00:00,2.010993134520148e-05,0.0329744715127162,0.00011349333679525578,3.998574776722728e-06,0.1145591528126687,
2026-01-31 00:00:00+00:00,4.3144944083906014e-05,0.0308267900347709,0.00017714764390168997,0.00010834895100185436,0.1145718122522036,
2026-02-01 00:00:00+00:00,2.423340629320592e-05,0.0310159879736602,0.00020952186352350628,2.747681161036692e-05,0.1151714370106205,
2026-02-02 00:00:00+00:00,4.532417096925201e-05,0.0311309306910543,1.2123002306907438e-05,-7.655718339568315e-06,0.1139818274162032,
2026-02-03 00:00:00+00:00,3.119267068996123e-05,0.0296041479644676,0.00020493602214093488,3.783282312118293e-05,0.1143979506962227,
2026-02-04 00:00:00+00:00,3.474126684263216e-05,0.0252427261854921,0.0001570253286142057,2.6173005608143285e-05,0.114322066532843,
2026-02-05 00:00:00+00:00,3.191864824556332e-05,0.0296177944361135,0.0001973787446221457,4.17345005382341e-05,0.1150883731968475,
2026-02-06 00:00:00+00:00,2.6502020925060304e-05,0.0307392848114813,0.0001720146918415821,7.326737416709268e-05,0.1144249671787926,
2026-02-07 00:00:00+00:00,,,,,0.115009916099635,
2026-02-08 00:00:00+00:00,,,,,0.11514502537973,
2026-02-09 00:00:00+00:00,,,,,0.1135825088078325,
2026-02-10 00:00:00+00:00,3.463835537331761e-05,0.0272286431863904,0.00022441822511609644,-5.040506630393793e-05,0.1133329075845805,
2026-02-11 00:00:00+00:00,,,0.00026636646362021565,0.0001633452484384179,0.1128574451713851,
2026-02-12 00:00:00+00:00,3.121911322523374e-05,0.0293441265821456,0.00016789679621406658,2.0047085193007e-05,0.1122289049354466,
2026-02-13 00:00:00+00:00,,,,,0.1134262003681876,
2026-02-14 00:00:00+00:00,,,0.0003748918534256518,,0.1136999001557176,
2026-02-15 00:00:00+00:00,2.995435660641701e-05,0.0320841891225427,0.00018298237155249807,5.460598094941816e-05,0.1129701349771384,
2026-02-16 00:00:00+00:00,5.249594323686324e-05,0.0310027195071732,0.00018395924001067345,0.0001176482054461303,0.1145579810395385,
2026-02-17 00:00:00+00:00,,0.0292482924248491,0.00023132918674188355,9.014974784804508e-05,0.1151963650728717,
2026-02-18 00:00:00+00:00,,,,,0.1142308147567691,
2026-02-19 00:00:00+00:00,,,,,0.1121120549964182,
2026-02-20 00:00:00+00:00,3.15034809318604e-05,0.0283543518079178,0.00013977823437016923,0.00021792853942770307,0.1110653109622724,
2026-02-21 00:00:00+00:00,,,0.0002543718874221668,,0.1132477948611432,
2026-02-22 00:00:00+00:00,,0.0285086277872324,,,0.1131548994418346,
2026-02-23 00:00:00+00:00,,,2.2375721362715755e-05,-9.350468917546095e-05,0.1131016047614993,
2026-02-24 00:00:00+00:00,,,,,0.1141276808850693,
2026-02-25 00:00:00+00:00,,0.0236291959881782,,,0.1125548427755182,
2026-02-26 00:00:00+00:00,4.3773211343380224e-05,,0.0002075539542905365,6.110240961528948e-05,0.1132522297627998,
2026-02-27 00:00:00+00:00,3.21698601175357e-05,0.0222182186320424,0.00010526718454327368,-5.703242928015802e-05,0.1132152879779989,
2026-02-28 00:00:00+00:00,,0.0235038585960865,0.0002607130246100756,5.22146510775201e-05,0.1133505826195081,
2026-03-01 00:00:00+00:00,,,,,0.1142154424027963,
2026-03-02 00:00:00+00:00,,,0.00010503926491115376,0.0003777758392971009,0.1150309687310999,
2026-03-03 00:00:00+00:00,,,0.00015335016541939694,4.234433557333736e-05,0.1142184366330956,
2026-03-04 00:00:00+00:00,3.2511476547369966e-05,0.0254200978144522,0.00012440544661431987,8.92105781531427e-05,0.1130474778738888,
2026-03-05 00:00:00+00:00,3.5063217183051165e-05,0.0268534930422902,3.901703439623816e-05,-3.65071464329958e-05,0.1119655359423521,
2026-03-06 00:00:00+00:00,,,,,0.1147668409076604,
2026-03-07 00:00:00+00:00,,0.0242581963539123,0.00019492845084252103,-0.00023891175624157768,0.1153654591603712,
2026-03-08 00:00:00+00:00,2.533774168114178e-05,0.0299722817209031,0.0001620692157964434,6.124170087989316e-05,0.113188588483767,
2026-03-09 00:00:00+00:00,4.683436418417841e-05,0.0330194775015115,0.0002780655806418508,0.00014136418511563015,0.1131812227946339,
2026-03-10 00:00:00+00:00,4.3005104609099885e-05,0.0339477939738167,0.0002722122294609576,8.084102519205772e-05,0.1136591201930335,
2026-03-11 00:00:00+00:00,1.484256131334405e-05,0.0218654381525185,0.00015096058377821463,-6.200738749208135e-05,0.1120713960492249,
2026-03-12 00:00:00+00:00,2.901238840422593e-05,0.027444144943729,0.0001495353756651569,5.909614460856224e-05,0.1141761814554532,
2026-03-13 00:00:00+00:00,3.479827157409293e-05,0.026351845782736,0.00021657649206948312,0.0001903648393029774,0.1145983968268741,
2026-03-14 00:00:00+00:00,4.516495350385826e-05,0.0302762833307497,0.00019579946047088012,0.00016543456049162317,0.1148117186896728,
2026-03-15 00:00:00+00:00,4.736357550427783e-05,0.0296879566364711,0.0001856217919945872,1.5555661823447353e-05,0.1156056238846345,
2026-03-16 00:00:00+00:00,4.287386163132792e-05,0.0291102506706248,0.00017684188842946296,0.00011258555484043124,0.1149935986508022,
2026-03-17 00:00:00+00:00,2.597763705125544e-05,0.0286314831199971,3.959957030019723e-05,-0.00026378987240605056,0.1141318238594315,
2026-03-18 00:00:00+00:00,,0.0248683782087432,,,0.1137446345704974,
2026-03-19 00:00:00+00:00,3.30848888552282e-05,0.0255179950346549,0.00017809237352767448,0.000515819046654542,0.1135692892201019,
2026-03-20 00:00:00+00:00,,,0.00026524189464301645,0.0003014122223248705,0.1153527428254936,
2026-03-21 00:00:00+00:00,2.76456728897756e-05,0.0244913988613656,0.00022943805070099187,2.748339219953564e-05,0.112625767109972,
2026-03-22 00:00:00+00:00,,0.0277478564530611,0.00016314779059030117,5.244069969497408e-05,0.1147236514723662,
2026-03-23 00:00:00+00:00,3.789752203634375e-05,0.0293362615912249,0.00013663940326831138,0.0001488912688835305,0.1158789868156115,
2026-03-24 00:00:00+00:00,,,0.0003270346548079568,0.0001917264461452659,0.1155683283101428,
2026-03-25 00:00:00+00:00,4.077919074916281e-05,0.0301077883810766,0.0001705904514286279,2.684795484445398e-05,0.1171443545908638,
2026-03-26 00:00:00+00:00,5.290675729948787e-05,0.0293483674802162,0.00018252088160476308,6.74487603398368e-05,0.1161295450998075,
2026-03-27 00:00:00+00:00,4.982482434050845e-05,0.0272103492170572,0.00012934939017709851,6.458282112567582e-05,0.1175024931629498,
2026-03-28 00:00:00+00:00,,,,,0.1156164504813425,
2026-03-29 00:00:00+00:00,3.9160153210104906e-05,0.0294566672809165,0.0001961814140808964,0.0005537070049491201,0.116326511583545,
2026-03-30 00:00:00+00:00,3.265293728165691e-05,0.0306305609022577,0.00017040864304362913,0.00031190453903816106,0.1165047161506884,
2026-03-31 00:00:00+00:00,2.7097464044345543e-05,,0.00017809500632210985,7.827864918069211e-05,0.116939160859946,
2026-04-01 00:00:00+00:00,2.6259518535604883e-05,0.0276866298789779,9.960504645746506e-05,-6.0405926137029766e-05,0.1173062900250608,
2026-04-02 00:00:00+00:00,2.0098246386623943e-05,0.0309602506458759,6.89023998650858e-05,0.0001829718607950781,0.1177812442183494,
2026-04-03 00:00:00+00:00,2.3519552114797108e-05,0.0267921885544503,0.0001335212514139571,5.4632347503987454e-05,0.1176742541067528,
2026-04-04 00:00:00+00:00,,,0.0002633910820198556,0.00010600328823784366,0.1166313995014537,
2026-04-05 00:00:00+00:00,2.438282327795715e-05,0.0262346783032019,0.00015358887768260584,0.00014899340608694317,0.1172595782713456,1900.2360704210068
2026-04-06 00:00:00+00:00,2.434087703780581e-05,0.0253055449575185,6.875360435919397e-05,-0.000102738513684623,0.1166789524934508,
2026-04-07 00:00:00+00:00,,,0.0003592163775465451,-0.0002146656333934516,0.1177109628915786,
2026-04-08 00:00:00+00:00,2.3212005544337444e-05,0.0321050088054367,0.0002871361357392743,0.0002154541201889515,0.1175263494704708,
2026-04-09 00:00:00+00:00,,0.0299256714060902,0.00041416902968194336,-0.00014946958981454372,0.1182850201924641,
2026-04-10 00:00:00+00:00,4.611633630702272e-05,,0.00021010101932006364,0.000427896668043104,0.1180527065739487,
2026-04-11 00:00:00+00:00,4.9877183907180246e-05,0.0318397167656156,0.00023034356977267168,0.0006667019535539552,0.1196770995403781,
2026-04-12 00:00:00+00:00,2.279836950037861e-05,0.0260302514697496,0.00016818284395060714,0.0002080368484409216,0.118052243734851,
2026-04-13 00:00:00+00:00,2.231603541462612e-05,0.027023938750582,0.00017947764577415498,0.0002826168219502451,0.1171348212343273,
2026-04-14 00:00:00+00:00,2.248344996284383e-05,0.0253997848026062,9.041628070669752e-05,0.00013307684332975248,0.1164822081724802,1884.7133040889616
2026-04-15 00:00:00+00:00,3.2117547699740634e-05,0.0271357904374599,0.00016903536148178816,0.00037194600703184153,0.1156232614408839,1868.6885933254075
2026-04-16 00:00:00+00:00,2.450350020257192e-05,0.0279540958052331,0.00015403893628513976,0.0005876853779089729,0.1169848742358612,1882.0093566894527
2026-04-17 00:00:00+00:00,3.2460857679931604e-05,0.027990877777338,0.0002079557118232708,0.0002857183025105659,0.1167349275765997,1816.4040283203128
2026-04-18 00:00:00+00:00,3.7207380955806e-05,0.0303072985261678,0.00016269629919579963,0.00021806671568247977,0.1168932185480089,
2026-04-19 00:00:00+00:00,4.092241265011994e-05,0.0305146607397883,0.00021114028258077604,6.707020005897472e-05,0.1188959328062606,
2026-04-20 00:00:00+00:00,4.043699250773484e-05,0.0288190877597246,0.00017597945109380154,5.238105906314696e-05,0.1182414830634088,
2026-04-21 00:00:00+00:00,5.784324360623335e-05,0.0289039632062549,0.00024014962629600496,0.00022156837139146565,0.1161208663022879,1780.6275634765625
2026-04-22 00:00:00+00:00,,,,,0.1161379884138251,
2026-04-23 00:00:00+00:00,4.198994120088173e-05,,0.0002940268695965642,-0.0005087486042611999,0.1154961954012061,
2026-04-24 00:00:00+00:00,1.687104960873748e-05,0.031294743100611,8.568555831751492e-05,-6.916696596211598e-06,0.1173479597676884,
2026-04-25 00:00:00+00:00,2.5751280866119707e-05,0.0275526565313339,0.00012483763249761205,1.2524096140017113e-05,0.1178231663776166,1855.7583923339844
2026-04-26 00:00:00+00:00,2.997249456518947e-05,0.0249151593695084,0.00013412333406780488,-4.869477598648783e-05,0.1165792625961881,1876.33447265625
2026-04-27 00:00:00+00:00,,,,,0.1165975578355066,
2026-04-28 00:00:00+00:00,3.2843735569162835e-05,0.0234993153180067,0.0001130942132890182,1.0148779066102264e-05,0.11556913658525,
2026-04-29 00:00:00+00:00,8.597069981735533e-06,0.0242007356137037,8.048582458286546e-05,-3.464108762532955e-05,0.1174845178470467,
2026-04-30 00:00:00+00:00,,0.0279650557786226,0.00022210502389238436,0.0002328628786070861,0.1156324662945487,
2026-05-01 00:00:00+00:00,6.057554855942726e-05,0.0260273974743627,0.00013153268014846434,1.1231472550813727e-05,0.1153946288607337,
2026-05-02 00:00:00+00:00,3.9952049659265096e-05,0.0229438713286072,0.00014366812055496584,0.0002636909891655457,0.1170296878977255,
2026-05-03 00:00:00+00:00,3.16179498027354e-05,0.0262905294075608,0.00016457156795185614,0.00014349175927980633,0.1171612561200604,
2026-05-04 00:00:00+00:00,4.106347685216139e-05,0.0266728810966014,0.00017552833557396474,0.0001464253384784247,0.1183129296158299,
2026-05-05 00:00:00+00:00,2.5933479071571845e-05,0.0256737136681165,,,,
2026-05-06 00:00:00+00:00,3.572294270160262e-05,0.0256272520594022,0.00015277499716665426,0.0002441877730675377,0.1187288280237804,1871.896834309896
2026-05-07 00:00:00+00:00,4.078585535546264e-05,0.0252275211007698,0.00015589828955963833,5.991410272820234e-05,0.1182923700773354,1895.8299255371091
2026-05-08 00:00:00+00:00,3.177242813928222e-05,0.0306521016949166,0.0001828370690363403,0.00030878627810373223,0.1162006317666082,
2026-05-09 00:00:00+00:00,3.0888567607689765e-05,,0.0002781454303627031,0.00021806839246100052,0.1168865845962004,
2026-05-10 00:00:00+00:00,2.8427007331127493e-05,0.0337721583247184,0.0001333825112493342,0.00027045157412430854,0.1166333357493082,
2026-05-11 00:00:00+00:00,2.583807407297696e-05,0.0263723340575341,0.00012102862437972584,-8.67153583826483e-06,0.1152844620925007,1889.9363752092636
2026-05-12 00:00:00+00:00,3.704935379849331e-05,0.0258122014884765,0.00013547567400426928,4.392528573975362e-05,0.1147452204516439,1866.3578106915509
2026-05-13 00:00:00+00:00,3.665404465485181e-05,0.0277991333665947,6.20846963239742e-05,0.0002725470807573319,0.1151720874688842,1882.6577845982144
2026-05-14 00:00:00+00:00,3.749434913378068e-05,0.021743636140052,0.00013978352895223494,0.00010631672690082765,0.1142094058520866,
2026-05-15 00:00:00+00:00,3.569510978801797e-05,0.03172175266913,0.00012269659702145543,0.00016501980975259687,0.1163902099836956,
2026-05-16 00:00:00+00:00,5.093803520139773e-05,0.030502533283213,0.00019142428319548452,8.628849348262461e-05,0.1160916408354585,
2026-05-17 00:00:00+00:00,5.231983201762584e-05,0.0274361687867591,0.0001957778262698816,0.0004395282157929614,0.1156979340947035,
2026-05-18 00:00:00+00:00,5.5988100939430296e-05,0.0272364394366741,0.00018947636346166728,0.00028784661320969463,0.1162384197567448,
2026-05-19 00:00:00+00:00,3.227229535696097e-05,0.0313064922211748,0.00012811930961712884,0.00021798994748678524,0.1155751900690974,
2026-05-20 00:00:00+00:00,3.7926648095284086e-05,0.0328480487482415,0.00011381061001604672,3.94314821068502e-06,0.1166966729091875,
2026-05-21 00:00:00+00:00,2.2724060568869003e-05,0.0265900346760948,0.0001442561504132534,7.481347803618656e-06,0.1169554916295138,1874.78623046875
2026-05-22 00:00:00+00:00,5.63662511012808e-05,0.0344591108461221,0.00022011377067039057,0.0006105565413599834,0.1158395353140253,
2026-05-23 00:00:00+00:00,5.112689478150772e-05,0.0296102184802293,0.0002061086365756637,0.0005020613817679179,0.1174904083212216,
2026-05-24 00:00:00+00:00,3.925213257554622e-05,0.030531834879959,0.00021439600536585644,0.0008255033859644424,0.117836557328701,
2026-05-25 00:00:00+00:00,6.666802801191807e-05,0.0324179555543444,0.00015013669217296411,0.00033886135497596115,0.1165115065646894,
2026-05-26 00:00:00+00:00,4.643391518281229e-05,0.036256679178526,0.0001870446118118707,6.635895291159007e-05,0.1162317679686979,
2026-05-27 00:00:00+00:00,6.95980590881802e-05,0.0329253877113972,0.00018660019135755384,0.00016191825567700235,0.1173264194618571,
2026-05-28 00:00:00+00:00,5.188424646413685e-05,0.0303204345476368,0.0002068272641854887,9.80421701451237e-05,0.1186654703183607,
2026-05-29 00:00:00+00:00,6.137035387310836e-05,0.0342226160379747,0.0002686287854995691,0.0002966814983125232,0.1187829438484076,1897.7071533203125
2026-05-30 00:00:00+00:00,,0.0290478257089853,0.00012539412934777582,0.0003153406101369506,0.1173573511116432,
2026-05-31 00:00:00+00:00,4.126526400796138e-05,0.0308283903347007,0.00017486328832808684,0.00012575407303798286,0.1162896350477681,1720.1980387369792
2026-06-01 00:00:00+00:00,4.2222093422121056e-05,0.0296195833462065,0.0002189499220107929,1.825574842465964e-05,0.1161888201128352,
2026-06-02 00:00:00+00:00,5.3165704775892665e-05,0.0339249792612261,0.0001862460595668491,3.0303449379558018e-05,0.1168258580746072,
2026-06-03 00:00:00+00:00,6.100848336895329e-05,0.0301912469375464,0.00017297217654589932,-1.7466025314426975e-05,0.1158859169844425,
2026-06-04 00:00:00+00:00,9.104922520981e-05,0.0295958649367094,0.00019692608122678587,7.343957170660636e-05,0.1164416435993078,
2026-06-05 00:00:00+00:00,3.733623987390081e-05,0.0277428869158029,4.1250637753943344e-05,1.5470479852272987e-05,0.1175944958672379,1893.3419189453125
2026-06-06 00:00:00+00:00,2.746487510963701e-05,0.0239124701183754,9.504925305643128e-05,3.144562927473365e-05,0.117267611126105,1873.1217447916667
2026-06-07 00:00:00+00:00,4.364597914514668e-05,0.0258985266376,0.00016906506211991214,-3.255240616536784e-05,0.1160921556028452,1854.2599191973288
2026-06-08 00:00:00+00:00,4.0642860536729245e-05,0.0270382233515933,0.0001189238214327347,0.0006198915326890666,0.1176963644948872,1917.7551792689733
2026-06-09 00:00:00+00:00,6.616204243045738e-05,0.0319115022536028,0.0001641472124240615,0.0004525216708950184,0.1180874305692586,1871.686466217041
2026-06-10 00:00:00+00:00,5.390656830665345e-05,0.03201748393476,0.00018077747639229832,0.0004443506443776917,0.1185463100220217,
2026-06-11 00:00:00+00:00,4.31710109985557e-05,0.0311162438864509,0.00015530718689081948,8.563032844738865e-06,0.1169873584400523,1904.9500140565813
2026-06-12 00:00:00+00:00,,,,,0.1115607050332156,
2026-06-13 00:00:00+00:00,3.507439379807858e-05,0.0246212800592184,0.000161004740331202,1.033294974507898e-05,0.1117893516114263,
2026-06-14 00:00:00+00:00,3.174599643784859e-05,0.0280644207754555,0.0001695143576150506,-3.0339025463697247e-05,0.1105521725434245,1909.074741908482
2026-06-15 00:00:00+00:00,5.459428713507033e-05,0.0277074111382598,0.00011584242364540732,-2.577405240861646e-05,0.1131611640254656,
2026-06-16 00:00:00+00:00,2.9719385786324203e-05,0.0269639130814799,7.724421128373113e-05,0.0002721596227440221,0.1151076860048554,1869.3224931196733
2026-06-17 00:00:00+00:00,3.427379452301521e-05,0.0267722412513998,0.00018770927448658216,7.784754963970705e-05,0.1163034253951275,1896.6046709333148
2026-06-18 00:00:00+00:00,4.207869923530697e-05,0.0312495611253238,0.0002263122887322397,0.00010279790623109986,0.1170492468006683,1908.4969177246091
2026-06-19 00:00:00+00:00,4.651192350799895e-05,0.0282219084393646,0.00017881972488601494,0.0008747998476654616,0.1175323860211805,1903.8515625
2026-06-20 00:00:00+00:00,3.337857731711472e-05,0.0312904424965381,0.00014722219759388474,0.0004028720136513143,0.1188417408954013,
2026-06-21 00:00:00+00:00,2.8288697704380013e-05,0.0305119342325876,0.00010051295289899412,0.000353830388286786,0.1195195039564913,
2026-06-22 00:00:00+00:00,2.357645452679153e-05,0.0263979618127147,0.0001406966557900005,0.0004355756699982466,0.118008056147532,1892.066267903646
2026-06-23 00:00:00+00:00,,0.0295424940064549,0.00010657270064695224,0.00041082788660181296,0.1176134481122999,1848.0618286132808
2026-06-24 00:00:00+00:00,2.895126682701768e-05,0.0256793868072606,0.00015211570815043876,6.537105663841375e-05,0.1147667822061163,
2026-06-25 00:00:00+00:00,2.876451022034003e-05,0.0288564542551403,0.00011717396106784388,-2.7933390728404365e-05,0.1165188812848293,1890.611389160156
2026-06-26 00:00:00+00:00,3.71665869765407e-05,0.0277034938335418,0.00015523431984272037,3.921649127133523e-05,0.115367712622339,
2026-06-27 00:00:00+00:00,4.12186883522736e-05,0.0324387242116274,0.00013680145870735444,0.00015154470632048535,0.1128652238033034,1887.6141135475848
2026-06-28 00:00:00+00:00,3.937317661907538e-05,0.0328643031256354,0.00022038753597757244,0.0007365246494759269,0.1142228277343692,1908.7770690917969
2026-06-29 00:00:00+00:00,4.868773502301227e-05,0.0277377713302319,0.0002472284661714432,0.0004244395853619966,0.1152377006682482,1913.1000848067436
2026-06-30 00:00:00+00:00,8.43655342936417e-05,0.0320278381307919,0.0002591326827479696,0.00047693019980050094,0.116780650435072,1925.6244506835935
2026-07-01 00:00:00+00:00,4.915830180779625e-05,0.0294855502992868,0.0003311545243019337,0.00012883785728428685,0.1172277541323141,
2026-07-02 00:00:00+00:00,5.180390276522799e-05,0.0323267724764134,0.00016490187375562857,3.948886759727347e-05,0.1163225045258348,1884.1946833683892
2026-07-03 00:00:00+00:00,4.217681127942562e-05,0.0303810995358687,0.00020756327963185456,0.0004136603470904061,0.1167271785212285,1911.5058677936424
2026-07-04 00:00:00+00:00,2.295696579797853e-05,0.0252794055268168,0.00010428854076246463,0.00015966252282272433,0.1168372213388934,1910.432874177632
2026-07-05 00:00:00+00:00,2.4017945565212745e-05,0.0258179212609926,0.00013247820893549502,0.0002628605968559648,0.1162734239390402,1899.940450032552
2026-07-06 00:00:00+00:00,3.1158126148511656e-05,0.0328467196474472,,,,1895.825439453125
2026-07-07 00:00:00+00:00,4.135294147999957e-05,0.0325220432848884,9.65940074318747e-05,7.3824113973512734e-06,0.1160713253599224,
2026-07-08 00:00:00+00:00,4.171931862271906e-05,0.0354344457868606,0.0001917988065542886,0.00043629437323033926,0.118452984501015,1891.8780364990237
2026-07-09 00:00:00+00:00,4.640337696896909e-05,0.0285255613426367,0.00017452932595254177,0.00039127412693425976,0.1185384142127904,1899.7839226973683
2026-07-10 00:00:00+00:00,3.575342331411472e-05,0.026864461408093,0.00015058109941933117,9.761533563119664e-05,0.1179855761654449,1906.983787536621
2026-07-11 00:00:00+00:00,,,0.0003426388895163792,-0.00010393038456007189,0.1167025080684459,
2026-07-12 00:00:00+00:00,4.1527933386863545e-05,0.0312684283337809,6.52270970077194e-05,-0.00023587885406221065,0.1163088302269126,
2026-07-13 00:00:00+00:00,2.849891937082496e-05,0.032726433926395,0.0001538338309535792,0.0001928340715577096,0.1181136694821444,1904.647216796875
2026-07-14 00:00:00+00:00,3.398581917611988e-05,0.0263472327589988,0.00011635429186615951,-0.00010345298475537372,0.1166704486716877,
2026-07-15 00:00:00+00:00,1.9867542016828736e-05,0.0231563502593952,0.00011271563738718572,-7.208755723144294e-05,0.116517079824751,
2026-07-16 00:00:00+00:00,3.255631732331081e-05,0.0264247541448899,0.0001121375466523618,-3.404141948108604e-05,0.1153160640687653,
2026-07-17 00:00:00+00:00,3.745876826790416e-05,0.0269434565248397,0.00013918268752439127,0.0003042805187622876,0.1157616182710185,
2026-07-18 00:00:00+00:00,3.271248092597957e-05,0.0303753913295539,9.115706052398308e-05,0.00018539938944837613,0.115772859616713,
2026-07-19 00:00:00+00:00,3.945594683803696e-05,0.0336543653031875,0.00016827416637228923,0.0002193640211771708,0.1170598530408107,
2026-07-20 00:00:00+00:00,3.490888004654109e-05,0.0334236776876834,0.00016342994821306708,8.190895108594399e-05,0.1148932050123359,
2026-07-21 00:00:00+00:00,5.59509358026844e-05,0.0343470608274782,0.00020504520209600963,2.3471210200417168e-05,0.1135821965607729,
2026-07-22 00:00:00+00:00,4.19952909357127e-05,0.0384953512499729,0.00015307110086062246,-4.181492840871215e-05,0.113972731160395,
2026-07-23 00:00:00+00:00,5.473632812097024e-05,0.0370310612821153,0.00015554982366500718,1.944023294223977e-05,0.115783723466324,
2026-07-24 00:00:00+00:00,5.6862932979129255e-05,0.0336692274858554,0.00023383040271645375,0.0001357476292713937,0.1173891136140534,
2026-07-25 00:00:00+00:00,4.47703337572007e-05,0.0281846694372318,8.812777486761634e-05,0.00037090143252333456,0.1189989872051007,1890.747200012207
2026-07-26 00:00:00+00:00,2.6959010752265883e-05,0.0266770013319007,0.0001902102046160232,-6.341576417154019e-05,0.1209878998272346,1902.9850148168105
2026-07-27 00:00:00+00:00,,,0.00034474130764768535,-0.00021906768082165703,0.1182361929254098,
2026-07-28 00:00:00+00:00,2.1809257163747105e-05,,0.00010607268147092934,-0.0004048619959962018,0.1197222753456144,
2026-07-29 00:00:00+00:00,2.639722151798196e-05,0.0363533299030928,0.0002051562977222992,0.00019201408185136432,0.1199060628811518,
2026-07-30 00:00:00+00:00,3.4824783352423066e-05,0.0352293887624034,0.00015586978148466216,5.589137774750857e-05,0.1205013624646447,1901.2872924804688
2026-07-31 00:00:00+00:00,2.989159359528388e-05,0.0338003449807209,0.00018049267453079665,3.411596089203921e-05,0.1200555567488525,1876.0671712239584
2026-08-01 00:00:00+00:00,2.0328545856913976e-05,0.0300608018243854,0.0001830193245812993,0.0001956848564818205,0.1201783594760027,1902.1657307942708
2026-08-02 00:00:00+00:00,1.0124775644037458e-05,0.026997119103643,5.854158161761888e-05,5.2095182940265104e-05,0.120587062429298,
2026-08-03 00:00:00+00:00,2.0530095946124867e-05,0.0280814432736599,6.724007766244927e-05,2.3059747670203883e-05,0.1196274479681795,1884.3658311631943
2026-08-04 00:00:00+00:00,2.9177205788349084e-05,0.0309579583028188,0.00015334652234190744,0.00010693637975209364,0.1181843057274818,
2026-08-05 00:00:00+00:00,2.1605805545043427e-05,0.0266080348967359,8.574734921708252e-05,0.0002076181432736727,0.1182821946162166,1900.723892211914
2026-08-06 00:00:00+00:00,3.9401661441926e-05,0.0258753914386034,0.00011373313198033208,7.194121137603581e-05,0.1208267248038089,
2026-08-07 00:00:00+00:00,2.557000450244893e-05,0.0303937449035319,0.0001682807957298461,2.296199697108629e-05,0.1211702146313407,
2026-08-08 00:00:00+00:00,3.2737223949824866e-05,0.0340843032355661,0.0001739717543828054,-6.126369981123417e-06,0.1210833979826985,
2026-08-09 00:00:00+00:00,2.682162498372649e-05,0.0309651502008949,0.0001991352640178582,0.00016335708333468628,0.1224177382660634,1916.5458984375
2026-08-10 00:00:00+00:00,5.773373413830996e-05,0.0368369263907273,0.000307102298791051,0.000517648896902756,0.1219629586646051,
2026-08-11 00:00:00+00:00,4.235629500687102e-05,0.0388936652191754,0.00022493337277292963,0.0005923022873941119,0.1216342128587491,
2026-08-12 00:00:00+00:00,3.031528313206791e-05,0.0304417194177707,0.00014953440112356364,3.173288017464846e-05,0.1202672272920608,1913.2594953264509
2026-08-13 00:00:00+00:00,4.3085000001927696e-05,0.0283469565573238,0.00011564823231916914,-9.375330972199498e-05,0.1171912562214967,
2026-08-14 00:00:00+00:00,5.5369236812993854e-05,0.0405916091183136,0.00017140439850167738,0.0001161791901309202,0.1184903581937154,1831.685511997768
2026-08-15 00:00:00+00:00,3.336642294016201e-05,0.0364366172364464,0.0001503479947903984,8.741096787685599e-05,0.1197107619408405,1853.5500183105469
2026-08-16 00:00:00+00:00,2.6156363426046237e-05,0.0298458562188205,0.00014806787062711507,1.083611056690808e-05,0.1189243944756912,1901.605581778067
2026-08-17 00:00:00+00:00,1.551765209032138e-05,0.0331740854308009,0.00022478309289330025,3.623801446585937e-05,0.1219343902035193,1907.153253173828
2026-08-18 00:00:00+00:00,2.0441411641403452e-05,0.029003577792774,0.00016785362609108702,0.0003770031471829034,0.1214021717508633,
2026-08-19 00:00:00+00:00,2.5197479000339765e-05,0.0275457873195409,0.00014043851079446594,0.0003927642579638456,0.1214975999160246,1887.065205891927
2026-08-20 00:00:00+00:00,2.166712905212383e-05,0.026011730544269,7.52858925214682e-05,0.0004739711375529596,0.1214343406485788,1892.2184940461188
2026-08-21 00:00:00+00:00,2.663083121274901e-05,0.0266185956525391,0.00012700834519240414,0.0002711624849711591,0.1226896878444787,1874.549371892756
2026-08-22 00:00:00+00:00,3.202802362824458e-05,0.0299662778154015,0.00017346888643894062,4.73842004601355e-05,0.1214570292469227,1888.4122032752405
2026-08-23 00:00:00+00:00,2.915213540153204e-05,0.030762008306655,0.00020015969747680973,-0.00020352625412642465,0.1207199031204888,1863.4329541015625
