date;NO2;CO;HCHO;SO2;O3;CH4
2025-08-23 00:00:00+00:00;;;;;;
2025-08-24 00:00:00+00:00;"4,03E+10";0.0357882487773895;0.0002168564037674514;0.00028706747730211646;0.116272848663908;1.883.025.390.625
2025-08-25 00:00:00+00:00;"4,47E+10";0.0340218702703714;0.00023008311607306746;0.0004244375210467324;0.11650924497481545;1.883.025.390.625
2025-08-26 00:00:00+00:00;"4,97E+09";0.034467505315939534;0.00023113102818138264;0.00032842195648501924;0.11632350689232947;1.883.025.390.625
2025-08-27 00:00:00+00:00;"4,79E+11";0.03476046441122885;0.00022811622326063627;0.00031437919865798643;0.1162593675156434;1.883.025.390.625
2025-08-28 00:00:00+00:00;"4,57E+10";0.03355408319884108;0.0002228060396372834;0.0002463760003773507;0.11622586737979539;1.883.025.390.625
2025-08-29 00:00:00+00:00;"4,13E+10";0.032257970512977616;0.00019908880114564891;0.00023051489107435595;0.11582599614154204;18.713.591.918.945.300
2025-08-30 00:00:00+00:00;"4,04E+11";0.03140856609821247;0.0001855349110811821;0.00020917425817194813;0.11576770723382111;18.745.203.043.619.700
2025-08-31 00:00:00+00:00;"3,76E+11";0.030490233663077765;0.000173633280073069;0.0001909333150015126;0.11584831198508085;18.745.203.043.619.700
2025-09-01 00:00:00+00:00;"3,56E+11";0.030109574168062814;0.00016661077720400962;0.0001858334532430259;0.11582017825408412;18.745.203.043.619.700
2025-09-02 00:00:00+00:00;"3,30E+11";0.029548095922641893;0.00015430094791895008;0.00016865336558809718;0.11570437634081547;187.378.414.523.217
2025-09-03 00:00:00+00:00;"3,19E+10";0.028968529766110144;0.00014462656627233745;0.0001616912632971834;0.115521085882154;187.767.247.554.298
2025-09-04 00:00:00+00:00;"3,09E+11";0.028781129504109684;0.00014226817824064279;0.00015355877584048724;0.11538861266741846;1.875.038.402.582.960
2025-09-05 00:00:00+00:00;"3,11E+10";0.02932428561274137;0.0001443517269499919;0.00016105113838177346;0.11528813997001355;1.875.038.402.582.960
2025-09-06 00:00:00+00:00;"3,09E+11";0.02943504247396548;0.00013835581463898634;0.00015843221921420085;0.11511511447561247;1.875.038.402.582.960
2025-09-07 00:00:00+00:00;"3,28E+10";0.029986811271834935;0.0001424590321952339;0.00015610359813993197;0.11500013448072198;1.875.038.402.582.960
2025-09-08 00:00:00+00:00;"3,47E+10";0.030528997156329975;0.00014503142456337786;0.00015678113566323492;0.1148559143343432;1.875.038.402.582.960
2025-09-09 00:00:00+00:00;"3,50E+10";0.030504448049309296;0.0001434342241932099;0.00015232090400472403;0.11486354814228097;1.875.038.402.582.960
2025-09-10 00:00:00+00:00;"3,49E+09";0.030261879663836977;0.00014436817222822587;0.0001508289813765032;0.11494943449392861;1.875.038.402.582.960
2025-09-11 00:00:00+00:00;"3,45E+11";0.03006367507713387;0.00014200970830580435;0.0001409349947433059;0.11500452076228988;1.875.038.402.582.960
2025-09-12 00:00:00+00:00;"3,43E+10";0.030050342373235873;0.0001426112230108068;0.00013976701349922686;0.11499536071311338;1.875.038.402.582.960
2025-09-13 00:00:00+00:00;"3,44E+10";0.03004220411431635;0.00014362707543461516;0.00013925820414378335;0.1150448242199713;18.758.615.708.862.400
2025-09-14 00:00:00+00:00;"3,44E+11";0.029988942774580505;0.0001470989077650884;0.0001456321282579141;0.1151045311149979;18.758.615.708.862.400
2025-09-15 00:00:00+00:00;"3,48E+10";0.030024965139352103;0.00014725240765892287;0.0001432914877412819;0.1151450136099722;18.758.615.708.862.400
2025-09-16 00:00:00+00:00;"3,54E+10";0.02997170709847738;0.00015534335831537957;0.00013630954244398926;0.11519028911498756;18.758.615.708.862.400
2025-09-17 00:00:00+00:00;"3,62E+10";0.030172759531420037;0.00015741864306436493;0.00014036812787507908;0.11521331004121083;18.758.615.708.862.400
2025-09-18 00:00:00+00:00;"3,59E+10";0.030071285461081874;0.00015623313180289486;0.00013639628846406484;0.1151481092775062;18.758.615.708.862.400
2025-09-19 00:00:00+00:00;"3,53E+10";0.02988984249277575;0.00015471373845598197;0.0001336476593246575;0.11507473291471745;18.782.441.768.714.200
2025-09-20 00:00:00+00:00;"3,50E+10";0.02973520586627659;0.00015471373845598197;0.0001336476593246575;0.11507473291471745;18.803.822.072.407.500
2025-09-21 00:00:00+00:00;"3,48E+11";0.02974787240136277;0.0001535937164645716;0.00012825743513281363;0.11504264135574878;18.682.596.862.847.400
2025-09-22 00:00:00+00:00;"3,46E+10";0.029678465993123897;0.00015311413850578313;0.00013725816170961395;0.11500896356197979;18.682.596.862.847.400
2025-09-23 00:00:00+00:00;"3,55E+11";0.029786551103441812;0.0001540430757205136;0.0001289358942443631;0.11493258074688932;18.630.488.830.620.800
2025-09-24 00:00:00+00:00;"3,60E+09";0.030012051494016312;0.0001552504608846464;0.00011373824745549287;0.11482171325038339;18.566.419.233.891.800
2025-09-25 00:00:00+00:00;"3,48E+11";0.02975045218737827;0.00015272883369694558;0.00010820158053039252;0.11473014816065688;18.575.259.925.039.900
2025-09-26 00:00:00+00:00;"3,42E+10";0.02959869776232253;0.00014999894650346562;"9,71E+10";0.11465780690795073;1.859.482.399.692.950
2025-09-27 00:00:00+00:00;"3,41E+10";0.02973387686161922;0.00014820445649024137;"9,89E+09";0.11468845275751346;1.859.482.399.692.950
2025-09-28 00:00:00+00:00;"3,40E+10";0.029918254817919678;0.00014913543797892155;"9,12E+10";0.11479447353066816;18.579.448.008.629.500
2025-09-29 00:00:00+00:00;"3,37E+10";0.030053940944748028;0.0001505672139899698;"8,90E+10";0.11484496756344874;18.560.366.568.267.900
2025-09-30 00:00:00+00:00;"3,43E+10";0.030260562818114;0.0001527188336676017;"9,00E+10";0.1147889826462898;18.560.366.568.267.900
2025-10-01 00:00:00+00:00;"3,48E+10";0.0303747151256201;0.00015428505883115972;"8,79E+10";0.11478974297642704;18.560.366.568.267.900
2025-10-02 00:00:00+00:00;"3,55E+11";0.03044114446299074;0.00015768019537618904;"8,45E+10";0.11480786253040998;1.854.624.019.461.700
2025-10-03 00:00:00+00:00;"3,63E+10";0.030856184017711723;0.00016224600339793358;"8,11E+10";0.11490546983719126;18.507.638.417.292.500
2025-10-04 00:00:00+00:00;"3,68E+10";0.03106887561783576;0.00016456457056838628;"7,99E+10";0.11492723753893526;1.852.517.498.156.040
2025-10-05 00:00:00+00:00;"3,62E+11";0.03093629997119726;0.0001641231304376806;"6,52E+09";0.11497904374808454;1.852.517.498.156.040
2025-10-06 00:00:00+00:00;"3,62E+10";0.030968192029277093;0.00016809758958957389;"5,65E+10";0.1151770362912705;1.852.517.498.156.040
2025-10-07 00:00:00+00:00;"3,61E+10";0.03115475673184192;0.00016698626773853516;"5,20E+11";0.11539406033466641;18.417.123.296.446.900
2025-10-08 00:00:00+00:00;"3,55E+09";0.0311066924953571;0.00016708482850039168;"5,40E+11";0.11554538653719988;18.417.123.296.446.900
2025-10-09 00:00:00+00:00;"3,60E+11";0.03140739205595837;0.00016855471516875057;"5,23E+10";0.11568301285564637;18.417.123.296.446.900
2025-10-10 00:00:00+00:00;"3,64E+10";0.03172729472359937;0.00016906201538940176;"5,84E+11";0.11572864821011365;18.460.404.522.258.400
2025-10-11 00:00:00+00:00;"3,68E+10";0.031852355237457726;0.00017433251718826557;"5,68E+10";0.11563805610070492;18.460.404.522.258.400
2025-10-12 00:00:00+00:00;"3,63E+10";0.03174480633655031;0.00017349786580482285;"5,01E+10";0.11564103869551959;18.460.404.522.258.400
2025-10-13 00:00:00+00:00;"3,61E+10";0.031606936882855444;0.00017207146453632885;"4,79E+10";0.11569290941186018;18.428.804.405.458.400
2025-10-14 00:00:00+00:00;"3,59E+11";0.0315579797301654;0.00016739169655591003;"3,69E+10";0.11577175883374684;1.844.721.203.077.750
2025-10-15 00:00:00+00:00;"3,54E+10";0.03156874887515615;0.0001683765075377035;"3,12E+10";0.11585459650949735;18.474.621.888.002.000
2025-10-16 00:00:00+00:00;"3,49E+10";0.0315920149690186;0.00016181184482456275;"3,78E+11";0.11601848739050165;18.513.757.679.178.900
2025-10-17 00:00:00+00:00;"3,39E+10";0.03140086090230678;0.00015872883957421187;"3,03E+11";0.11616625794858638;18.522.454.990.463.700
2025-10-18 00:00:00+00:00;"3,40E+10";0.03137107450996999;0.00015748797123921036;"3,28E+09";0.1163675405197974;18.522.454.990.463.700
2025-10-19 00:00:00+00:00;"3,47E+09";0.03181466739053066;0.00016339710037073085;"2,12E+10";0.11645778034737096;18.491.971.476.377.000
2025-10-20 00:00:00+00:00;"3,48E+10";0.03199270344238004;0.00016112533037716462;"1,93E+10";0.11643303602996163;18.454.825.859.025.000
2025-10-21 00:00:00+00:00;"3,50E+10";0.03197961936428884;0.00016098745747204882;"2,03E+11";0.1165493131540287;18.526.763.849.209.900
2025-10-22 00:00:00+00:00;"3,53E+11";0.032139394890588556;0.0001617764019836171;"6,60E+09";0.11674257452709667;18.526.763.849.209.900
2025-10-23 00:00:00+00:00;"3,43E+10";0.03181103047172921;0.00015936019774522855;"5,87E+10";0.1168094704564088;18.546.544.782.412.200
2025-10-24 00:00:00+00:00;"3,32E+10";0.03153374304831155;0.00015478466696087063;"1,44E+10";0.11692116920259178;1.860.862.693.399.330
2025-10-25 00:00:00+00:00;"3,39E+10";0.03185327972309031;0.00015341894977632446;"8,63E+09";0.11703942821223902;1.860.152.909.025.150
2025-10-26 00:00:00+00:00;"3,48E+10";0.032013492983936305;0.00015730429380448856;"1,39E+11";0.11716597879163396;18.573.021.119.082.400
2025-10-27 00:00:00+00:00;"3,48E+10";0.03198267545016613;0.00015761546176625338;"1,34E+11";0.11715457847686393;18.573.021.119.082.400
2025-10-28 00:00:00+00:00;"3,56E+10";0.031869905896719126;0.00015528573478723902;"1,53E+10";0.11702100455356114;1.859.816.098.127.410
2025-10-29 00:00:00+00:00;"3,59E+10";0.03193187183347942;0.00015568376227775813;"1,52E+11";0.11701755439755557;1.859.816.098.127.410
2025-10-30 00:00:00+00:00;"3,59E+11";0.031862696057153715;0.00015595583428590725;"1,33E+11";0.11703825052639447;1.859.816.098.127.410
2025-10-31 00:00:00+00:00;"3,47E+10";0.03169360622724754;0.00015122555772905936;"1,04E+10";0.11705642600703718;1.859.816.098.127.410
2025-11-01 00:00:00+00:00;"3,49E+11";0.03190715794992818;0.0001519889786693685;"1,40E+11";0.11708308003014985;1.859.816.098.127.410
2025-11-02 00:00:00+00:00;"3,35E+10";0.03171822258932731;0.00014788365265672458;"1,43E+11";0.11713732375641059;1.859.816.098.127.410
2025-11-03 00:00:00+00:00;"3,34E+10";0.03167835305448354;0.00014664190982322455;"1,35E+11";0.11726845351584027;18.565.513.474.735.200
2025-11-04 00:00:00+00:00;"3,42E+10";0.03165871445639833;0.0001461921799019786;"2,06E+11";0.11730684816385757;18.565.513.474.735.200
2025-11-05 00:00:00+00:00;"3,45E+11";0.03165375332732034;0.0001452562159108893;"2,65E+11";0.117279782725705;18.565.513.474.735.200
2025-11-06 00:00:00+00:00;"3,39E+10";0.03095073018183703;0.00014742511351952594;"3,67E+10";0.11708625199818848;1.881.129.488.061.970
2025-11-07 00:00:00+00:00;"3,36E+10";0.030540358683716927;0.0001486036498538826;"3,55E+10";0.11699947640299793;1.881.129.488.061.970
2025-11-08 00:00:00+00:00;"3,27E+10";0.030159840047998016;0.0001481962721965039;"3,54E+11";0.11690948592743484;1.881.129.488.061.970
2025-11-09 00:00:00+00:00;"3,20E+10";0.029913057460160136;0.0001469702663591432;"2,27E+11";0.11688878542245032;18.779.994.099.228.400
2025-11-10 00:00:00+00:00;"3,17E+10";0.029908603278878464;0.00014222573436352333;"2,81E+11";0.11696393393506903;18.779.994.099.228.400
2025-11-11 00:00:00+00:00;"3,26E+11";0.030082100584718035;0.00014279001432724033;"3,32E+10";0.1170357015172038;18.779.994.099.228.400
2025-11-12 00:00:00+00:00;"3,28E+10";0.0303211009583797;0.00016401995617866297;"3,12E+10";0.11698421075037027;18.779.994.099.228.400
2025-11-13 00:00:00+00:00;"3,31E+11";0.03049744137047802;0.00017589306301603596;"3,42E+10";0.11688785245171697;18.823.426.829.208.500
2025-11-14 00:00:00+00:00;"3,33E+10";0.030456004580238682;0.00017581938308183217;"4,06E+10";0.11682552850306632;18.833.370.156.464.700
2025-11-15 00:00:00+00:00;"3,31E+10";0.030531560422648058;0.00017650350384199376;"3,24E+10";0.11668861739412699;18.644.217.348.451.900
2025-11-16 00:00:00+00:00;"3,36E+10";0.03056909429601907;0.00019374799898362583;"4,72E+11";0.11656683977655687;
2025-11-17 00:00:00+00:00;"3,40E+10";0.030725206444312498;0.00020841309072105083;"4,28E+11";0.11645877014356425;
2025-11-18 00:00:00+00:00;"3,32E+11";0.030806514104620108;0.00020790087655335343;"6,68E+10";0.11638975062153552;
2025-11-19 00:00:00+00:00;"3,37E+09";0.03082662854323844;0.00023069326026270583;"7,01E+10";0.11636661779549382;
2025-11-20 00:00:00+00:00;"3,35E+11";0.030917499155406453;0.0002376432964445468;"7,53E+10";0.11632000056631633;
2025-11-21 00:00:00+00:00;"3,35E+11";0.030756234781654332;0.0002398368193131089;"6,12E+10";0.1161351598197161;
2025-11-22 00:00:00+00:00;"3,24E+11";0.030805507448648475;0.00026176623247694956;"6,41E+10";0.11615667458284981;
2025-11-23 00:00:00+00:00;"3,24E+11";0.030831614389154768;0.00026356011273430884;"6,56E+09";0.11604679542960537;
2025-11-24 00:00:00+00:00;"3,13E+11";0.03041601977556915;0.00027166319820629356;"6,44E+09";0.11603682175880727;
2025-11-25 00:00:00+00:00;"3,16E+10";0.02998668243184621;0.00027194225405559975;"4,70E+10";0.11589770601554346;
2025-11-26 00:00:00+00:00;"3,16E+10";0.029655832698383375;0.00027194225405559975;"4,70E+10";0.11577296978746997;
2025-11-27 00:00:00+00:00;"3,12E+11";0.02975302651187374;0.0002850413338598207;"5,26E+10";0.1158945706983407;
2025-11-28 00:00:00+00:00;"3,15E+09";0.029646911475255645;0.0002766538174110462;"6,84E+10";0.11577407625889533;
2025-11-29 00:00:00+00:00;"3,06E+10";0.02969339170670667;0.0002797009794620975;"7,73E+10";0.11567400060217786;
2025-11-30 00:00:00+00:00;"3,52E+11";0.02987897764229946;0.00029421464626528776;"8,87E+10";0.11566075764671717;
2025-12-01 00:00:00+00:00;"3,52E+11";0.02987897764229946;0.00030291367943704046;"8,87E+10";0.11569024903906713;
2025-12-02 00:00:00+00:00;"4,25E+11";0.02975660028826865;0.0003118769442046145;0.00010457542498498116;0.11558879933724495;
2025-12-03 00:00:00+00:00;"4,79E+11";0.029707562123552394;0.00030844207966773847;0.00010076557620233755;0.11550865589518737;
2025-12-04 00:00:00+00:00;"4,79E+11";0.029707562123552394;0.00030844207966773847;0.00010076557620233755;0.11548867203069452;
2025-12-05 00:00:00+00:00;"4,92E+10";0.029509719700579813;0.00030219815979315613;"9,62E+10";0.11541064553941136;
2025-12-06 00:00:00+00:00;"5,01E+11";0.02966670760730212;0.00030704610842785383;"8,62E+10";0.11549484316598282;
2025-12-07 00:00:00+00:00;"4,69E+10";0.030289042222748943;0.00030367050335346934;"7,30E+09";0.11549779941337274;
2025-12-08 00:00:00+00:00;"4,69E+10";0.02988936185072289;0.00030367050335346934;"7,30E+09";0.11548135674210507;
2025-12-09 00:00:00+00:00;"4,69E+10";0.02988936185072289;0.00030367050335346934;"7,30E+09";0.11547698352222487;
2025-12-10 00:00:00+00:00;"4,77E+10";0.03014450777519144;0.00029853625540925626;"7,86E+10";0.1155015226190138;
2025-12-11 00:00:00+00:00;"4,77E+10";0.030156839502391272;0.00029853625540925626;"7,86E+10";0.11541776666888079;
2025-12-12 00:00:00+00:00;"4,66E+10";0.03017709234331126;0.00027818458679527676;"7,64E+10";0.11533064319178307;
2025-12-13 00:00:00+00:00;"4,66E+10";0.030132528733810178;0.00027208699523026387;"7,60E+10";0.11525707243367875;
2025-12-14 00:00:00+00:00;"4,66E+10";0.02995022454873996;0.00027208699523026387;"7,60E+10";0.11526574942499697;
2025-12-15 00:00:00+00:00;"4,74E+10";0.029876744980812157;0.0002695524256923283;"7,93E+10";0.11523588516495442;
2025-12-16 00:00:00+00:00;"4,74E+10";0.029861248491312418;0.000261353074192553;"6,91E+10";0.11519145229549115;
2025-12-17 00:00:00+00:00;"4,74E+10";0.029906603158905937;0.0002530647038940489;"6,93E+10";0.11518804883264529;
2025-12-18 00:00:00+00:00;"4,87E+10";0.02940946017854056;0.0002523009595856727;"6,99E+10";0.11524342139712483;
2025-12-19 00:00:00+00:00;"4,87E+10";0.02937858025004475;0.00023761614058416056;"7,36E+10";0.11518659855079165;
2025-12-20 00:00:00+00:00;"4,87E+10";0.02928750330275968;0.00022868703823455562;"9,96E+09";0.11509549995564447;
2025-12-21 00:00:00+00:00;"4,87E+10";0.029131128916414766;0.0002176007391830681;0.00011618323175318253;0.11508905851479728;
2025-12-22 00:00:00+00:00;"4,87E+10";0.029131128916414766;0.00021124554150743241;0.00011618323175318253;0.11511557688466222;
2025-12-23 00:00:00+00:00;"4,78E+10";0.028961185580251937;0.00020452810155795873;0.00014534744884068827;0.11515045287934213;
2025-12-24 00:00:00+00:00;"4,78E+10";0.02869188513069102;0.00019014526435684475;0.00015448646724318136;0.1151382041850475;
2025-12-25 00:00:00+00:00;"4,72E+10";0.028607503613369566;0.00018554934177012362;0.00017774024239593285;0.11520170662740262;
2025-12-26 00:00:00+00:00;"4,72E+10";0.02874664017130005;0.00019228265266476316;0.00017175926361066328;0.11525356968243912;
2025-12-27 00:00:00+00:00;"4,72E+10";0.02874664017130005;0.00019863409549119356;0.00017067694008037742;0.11513763329747946;
2025-12-28 00:00:00+00:00;"4,85E+10";0.028509254430364346;0.00020544663092552404;0.00019952751265800236;0.1151980268082233;
2025-12-29 00:00:00+00:00;"5,24E+09";0.028495198798617463;0.0002057979063653708;0.00024396398787206156;0.11516223767339577;
2025-12-30 00:00:00+00:00;"5,37E+10";0.02869391571442537;0.0002078598951899472;0.0002512257942662051;0.11511081618943594;
2025-12-31 00:00:00+00:00;"5,37E+10";0.02869391571442537;0.0002078598951899472;0.0002512257942662051;0.11505642430950892;
2026-01-01 00:00:00+00:00;"5,38E+11";0.02872133386478022;0.00019417102099561953;0.0002482559089910544;0.11505433223915819;
2026-01-02 00:00:00+00:00;"5,04E+10";0.02875719427118442;0.0001927357234620949;0.00025166832552893793;0.11488740609751802;
2026-01-03 00:00:00+00:00;"5,04E+10";0.02870152536470575;0.0001902022773108503;0.000252337217647331;0.1147457132285291;
2026-01-04 00:00:00+00:00;"4,92E+10";0.028776055795506458;0.00019002724859428071;0.0002596982673905608;0.11467905774562041;
2026-01-05 00:00:00+00:00;"4,92E+10";0.028776055795506458;0.00019028784952493947;0.00023704451096273466;0.11457011523571878;
2026-01-06 00:00:00+00:00;"4,95E+10";0.028430505429650067;0.0001955398650348528;0.0002425079509551524;0.11449949705239494;
2026-01-07 00:00:00+00:00;"4,95E+10";0.028608457258948443;0.0001955398650348528;0.0002425079509551524;0.11445265115059983;
2026-01-08 00:00:00+00:00;"4,95E+10";0.028544622586025612;0.0001955398650348528;0.0002425079509551524;0.11434143949488192;
2026-01-09 00:00:00+00:00;"4,91E+10";0.028298340294038687;0.0001947915709718632;0.00024710928777095374;0.1142906409170892;
2026-01-10 00:00:00+00:00;"4,91E+10";0.028196166538221178;0.0001947915709718632;0.00024710928777095374;0.11428807874520615;
2026-01-11 00:00:00+00:00;"5,03E+11";0.028074852261389078;0.000196613740538094;0.00024193035754761636;0.11429038568578581;
2026-01-12 00:00:00+00:00;"5,07E+10";0.028002624755227818;0.00019597012591632002;0.0002509744280130727;0.11430469880049875;
2026-01-13 00:00:00+00:00;"5,07E+10";0.028001397456860706;0.00019597012591632002;0.0002509744280130727;0.11418624018328354;
2026-01-14 00:00:00+00:00;"4,79E+11";0.027810002642918885;0.0001895292324140089;0.0002459671958137108;0.11404744804357032;
2026-01-15 00:00:00+00:00;"4,79E+11";0.027810002642918885;0.0001895292324140089;0.0002459671958137108;0.11397638889876276;
2026-01-16 00:00:00+00:00;"4,79E+10";0.027696019064409286;0.00018696242095089723;0.00024346829958220376;0.11384248266918486;
2026-01-17 00:00:00+00:00;"4,56E+09";0.02759667546906737;0.00017828264490950314;0.00021287893934945928;0.11377102607729456;
2026-01-18 00:00:00+00:00;"4,56E+09";0.0275169963930969;0.00017828264490950314;0.00021287893934945928;0.1137805088827706;
2026-01-19 00:00:00+00:00;"4,45E+10";0.027576947650839383;0.00018099726852888404;0.00019140548735244176;0.11382498194773988;
2026-01-20 00:00:00+00:00;"4,29E+08";0.027560443751495956;0.0001838640867735005;0.00018372642404873175;0.11378481127698009;
2026-01-21 00:00:00+00:00;"4,20E+11";0.02733567879921621;0.00016816281128312425;0.00017325480709959727;0.11364487400560663;
2026-01-22 00:00:00+00:00;"4,24E+10";0.02731965154477656;0.00016757797194886224;0.00015437628620881377;0.11358137749361266;
2026-01-23 00:00:00+00:00;"4,24E+10";0.027625585534409757;0.0001750326903023141;0.0001471236435267072;0.11345637136637558;
2026-01-24 00:00:00+00:00;"4,11E+10";0.02751500461436479;0.00017113443417217977;0.0001351486651204921;0.1133866783193867;
2026-01-25 00:00:00+00:00;"3,84E+10";0.027267989864583606;0.00016205922652315314;0.00013861677540019914;0.11336654475090475;
2026-01-26 00:00:00+00:00;"3,84E+10";0.027095158957537068;0.000152108945839779;0.00013267991931806711;0.11332798847044352;
2026-01-27 00:00:00+00:00;"3,84E+10";0.02769386473287436;0.00014592031999564672;"9,69E+10";0.1132625767302633;
2026-01-28 00:00:00+00:00;"3,32E+11";0.02750601890389828;0.00014132688512730266;"5,08E+11";0.1132925395787966;
2026-01-29 00:00:00+00:00;"3,11E+10";0.02735906402330627;0.00013443781566013232;"2,67E+10";0.11328869266341426;
2026-01-30 00:00:00+00:00;"3,02E+11";0.02771002699139439;0.0001332742335009725;"2,54E+10";0.11326659400053693;
2026-01-31 00:00:00+00:00;"3,12E+11";0.027811372444980352;0.00014677933358111074;"2,36E+11";0.1132542462586754;
2026-02-01 00:00:00+00:00;"3,01E+11";0.027880619625343512;0.00014593175397645947;"1,84E+09";0.11339120388482551;
2026-02-02 00:00:00+00:00;"3,12E+11";0.02810900220464847;0.0001388534010887344;"3,27E+10";0.11346277883558557;
2026-02-03 00:00:00+00:00;"3,03E+11";0.02816851344553065;0.0001395511846033811;"-4,89E+09";0.11350080546255059;
2026-02-04 00:00:00+00:00;"3,06E+10";0.027996408312587207;0.00013739923235590512;"8,57E+09";0.1135475803655807;
2026-02-05 00:00:00+00:00;"3,11E+11";0.028086485319449777;0.00013327894920716748;"3,25E+10";0.11364063880961346;
2026-02-06 00:00:00+00:00;"3,08E+10";0.028226106345346176;0.00013531767250371562;"6,93E+09";0.11364677589800619;
2026-02-07 00:00:00+00:00;"3,08E+10";0.0282828847837184;0.00013531767250371562;"6,93E+09";0.11369381540200924;
2026-02-08 00:00:00+00:00;"3,08E+10";0.0282828847837184;0.00013531767250371562;"6,93E+09";0.1137011107320737;
2026-02-09 00:00:00+00:00;"3,08E+10";0.0282828847837184;0.00013531767250371562;"6,93E+09";0.11367158381776371;
2026-02-10 00:00:00+00:00;"3,11E+11";0.028227398383859032;0.00013656412063205276;"7,31E+10";0.11366943889344577;
2026-02-11 00:00:00+00:00;"3,11E+11";0.028227398383859032;0.0001430542377814609;"1,51E+11";0.11363476435042387;
2026-02-12 00:00:00+00:00;"3,11E+10";0.02836937042255785;0.00014423721675444213;"1,53E+11";0.11360266397547236;
2026-02-13 00:00:00+00:00;"3,11E+10";0.02855458397163156;0.00014669346239400103;"1,43E+11";0.11366175248315837;
2026-02-14 00:00:00+00:00;"3,11E+10";0.02855458397163156;0.00015756005244312726;"1,43E+11";0.11369223919029184;
2026-02-15 00:00:00+00:00;"3,10E+10";0.028740352663784784;0.00015951770965410235;"1,58E+10";0.11373148960898619;
2026-02-16 00:00:00+00:00;"3,25E+10";0.0288534710059542;0.0001680544770792953;"4,01E+11";0.11377873710460129;
2026-02-17 00:00:00+00:00;"3,25E+10";0.02887227202590158;0.0001709306002457766;"4,25E+10";0.11383108230251252;
2026-02-18 00:00:00+00:00;"3,23E+09";0.02889762396603689;0.00017226879565520044;"4,16E+10";0.11381374535837556;
2026-02-19 00:00:00+00:00;"3,26E+10";0.029087517769868596;0.0001735487712143725;"4,36E+11";0.11379324787794937;
2026-02-20 00:00:00+00:00;"3,26E+10";0.02931857815370532;0.0001748580356048946;"5,70E+10";0.11372073808252205;
2026-02-21 00:00:00+00:00;"3,26E+10";0.02931857815370532;0.00017864440950095516;"5,70E+10";0.11374183933090679;
2026-02-22 00:00:00+00:00;"3,26E+10";0.029278080635381676;0.00017864440950095516;"5,70E+10";0.11377002599112912;
2026-02-23 00:00:00+00:00;"3,28E+10";0.029413996492978413;0.00017524565911534906;"5,19E+10";0.11376408516909134;
2026-02-24 00:00:00+00:00;"3,45E+11";0.029725341666607934;0.00017729194244401003;"4,69E+10";0.1137730150285995;
2026-02-25 00:00:00+00:00;"3,45E+11";0.029676813924182335;0.00018010179555249308;"4,73E+10";0.11379014825580093;
2026-02-26 00:00:00+00:00;"3,51E+11";0.0294832310443351;0.00018147440348939523;"4,81E+10";0.11379799370964365;
2026-02-27 00:00:00+00:00;"3,49E+09";0.029079619243652172;0.00017784548830148468;"4,25E+10";0.11375645730983125;
2026-02-28 00:00:00+00:00;"3,42E+10";0.028681908735795243;0.00018407356081077386;"4,67E+10";0.11373126601630988;
2026-03-01 00:00:00+00:00;"3,52E+10";0.028429405043035184;0.00018760257201154976;"4,91E+11";0.11371980900264747;
2026-03-02 00:00:00+00:00;"3,46E+09";0.028279568481051703;0.00018399715306202294;"6,40E+10";0.11373511421861067;
2026-03-03 00:00:00+00:00;"3,55E+11";0.028097140514877807;0.00018118856815681748;"6,49E+10";0.11370334753935984;
2026-03-04 00:00:00+00:00;"3,44E+11";0.027716418323104335;0.0001868026903721881;"7,02E+09";0.11367220255461602;
2026-03-05 00:00:00+00:00;"3,47E+10";0.027533041328292505;0.0001785067409849533;"6,61E+09";0.11359112206282035;
2026-03-06 00:00:00+00:00;"3,47E+10";0.027696635267063962;0.00017963734163604526;"6,85E+10";0.11360594787531425;
2026-03-07 00:00:00+00:00;"3,50E+10";0.02731380683262102;0.00017950837880553868;"5,20E+11";0.11361518407409839;
2026-03-08 00:00:00+00:00;"3,49E+10";0.02725902089757972;0.00017898493269789982;"5,13E+11";0.11357397145093087;
2026-03-09 00:00:00+00:00;"3,60E+10";0.02764305133784184;0.00018393896509509734;"5,63E+10";0.11351301500743083;
2026-03-10 00:00:00+00:00;"3,65E+10";0.02803709775259027;0.00018814245387442402;"5,76E+10";0.11346348483454095;
2026-03-11 00:00:00+00:00;"3,49E+10";0.027674058952586043;0.0001864523688700509;"5,16E+10";0.11341311440925403;
2026-03-12 00:00:00+00:00;"3,44E+10";0.02768673552654714;0.00018304860298591725;"5,70E+11";0.11344122353828312;
2026-03-13 00:00:00+00:00;"3,45E+10";0.0276125749852243;0.00018078542246088397;"5,84E+11";0.11349925526013276;
2026-03-14 00:00:00+00:00;"3,55E+10";0.02766436147125786;0.00018205372538164822;"6,57E+10";0.11358534905194029;
2026-03-15 00:00:00+00:00;"3,63E+10";0.027770866479953294;0.00018220885871264553;"6,33E+10";0.1136579965024885;
2026-03-16 00:00:00+00:00;"3,67E+10";0.02783783568948687;0.000173597990669333;"6,55E+10";0.11370111978565801;
2026-03-17 00:00:00+00:00;"3,64E+10";0.02766520038935959;0.00016736395583227644;"5,11E+10";0.1137398427484011;
2026-03-18 00:00:00+00:00;"3,53E+10";0.027358483324438087;0.00016660962473325841;"4,79E+10";0.11371273119943308;
2026-03-19 00:00:00+00:00;"3,52E+10";0.027171968454928374;0.000164189769587158;"6,81E+09";0.11365849533767407;
2026-03-20 00:00:00+00:00;"3,52E+10";0.027171968454928374;0.00016858334024176053;"7,88E+10";0.11369589293996489;
2026-03-21 00:00:00+00:00;"3,48E+10";0.02704432228380634;0.0001711189531775618;"7,65E+10";0.11371301667708336;
2026-03-22 00:00:00+00:00;"3,50E+10";0.02701544155262269;0.00017209268468673398;"6,93E+10";0.11383496136075316;
2026-03-23 00:00:00+00:00;"3,51E+11";0.027120933372559154;0.0001671871645136567;"7,26E+10";0.11392266775923542;
2026-03-24 00:00:00+00:00;"3,51E+11";0.02705485268614614;0.0001735810641254287;"7,74E+10";0.11400311538817903;
2026-03-25 00:00:00+00:00;"3,55E+11";0.02719362249046116;0.00017950965332806518;"8,22E+10";0.11413787371582451;
2026-03-26 00:00:00+00:00;"3,64E+10";0.027287307055233124;0.00017962546980024587;"8,17E+10";0.11420460252298245;
2026-03-27 00:00:00+00:00;"3,70E+11";0.027443009369532208;0.00017776339277716634;"8,10E+09";0.11436952420256352;
2026-03-28 00:00:00+00:00;"3,67E+11";0.027443009369532208;0.00017661760194972903;"8,18E+10";0.11444833155984827;
2026-03-29 00:00:00+00:00;"3,71E+11";0.027757724528178908;0.00018011430308579143;0.00010527586657480089;0.11455203901336647;
2026-03-30 00:00:00+00:00;"3,68E+11";0.02806758115018635;0.00017664105764092811;0.00011526393918867171;0.11465717679773915;
2026-03-31 00:00:00+00:00;"3,64E+10";0.02806758115018635;0.000176694907592083;0.0001138941136328206;0.11474796741297746;
2026-04-01 00:00:00+00:00;"3,59E+11";0.028051708180552665;0.00017649364024194638;"9,77E+10";0.11482381145610951;
2026-04-02 00:00:00+00:00;"3,52E+11";0.028168049879165595;0.00017336594522141636;0.0001028735862175469;0.11494257170895131;
2026-04-03 00:00:00+00:00;"3,48E+11";0.02822293350876552;0.00017370356762140288;0.00010159291100831894;0.1150967975833801;
2026-04-04 00:00:00+00:00;"3,48E+11";0.02827999352820199;0.0001820137175333887;0.00010687107525538706;0.11525232636868347;
2026-04-05 00:00:00+00:00;"3,44E+11";0.02819818091920199;0.00018099854468157502;0.00010837544421365693;0.11533541761413965;19.002.360.704.210.000
2026-04-06 00:00:00+00:00;"3,40E+11";0.028240074863346235;0.00017649230016431337;0.00011323877430497672;0.1153792007252423;19.002.360.704.210.000
2026-04-07 00:00:00+00:00;"3,43E+10";0.0281678995776147;0.00018353327022681702;0.00010338494093807156;0.11552994653883601;19.002.360.704.210.000
2026-04-08 00:00:00+00:00;"3,33E+10";0.02812979671527825;0.00018385721862315357;0.00010603101004783304;0.11567478409469725;19.002.360.704.210.000
2026-04-09 00:00:00+00:00;"3,29E+11";0.027962208274956313;0.0001889271043453316;"9,78E+10";0.11582898076134493;19.002.360.704.210.000
2026-04-10 00:00:00+00:00;"3,43E+10";0.028227285236801437;0.00019103926275754052;0.00011530220435242532;0.11602835777883573;19.002.360.704.210.000
2026-04-11 00:00:00+00:00;"3,52E+11";0.028418397055144328;0.00019392526968995175;0.0001370024118147608;0.1162117217149999;19.002.360.704.210.000
2026-04-12 00:00:00+00:00;"3,47E+10";0.028404414693710137;0.00019219692511427764;0.00013763355499825882;0.11632684994526579;19.002.360.704.210.000
2026-04-13 00:00:00+00:00;"3,36E+10";0.02826300840761589;0.00019161400316082314;0.00014181863576463814;0.11640428669675427;19.002.360.704.210.000
2026-04-14 00:00:00+00:00;"3,25E+10";0.028076566153969595;0.0001882138063291128;0.00014601582081843475;0.1164335061730158;18.924.746.872.549.800
2026-04-15 00:00:00+00:00;"3,20E+10";0.027990720056875466;0.00018793500179526725;0.00015527869411098512;0.11645449493268518;18.845.459.892.784.500
2026-04-16 00:00:00+00:00;"3,20E+11";0.02796126843449442;0.0001920221220090152;0.0001856885244793788;0.11654959661189951;18.839.118.311.312.000
2026-04-17 00:00:00+00:00;"3,20E+10";0.02809702928530289;0.00019257155614054125;0.0001891378271701094;0.11664927304543625;18.704.102.705.690.200
2026-04-18 00:00:00+00:00;"3,22E+10";0.028305259871890413;0.000192040657025649;0.00017887050541245207;0.11676007068969983;18.704.102.705.690.200
2026-04-19 00:00:00+00:00;"3,25E+11";0.028397318241386155;0.0001901750841959166;0.00017078974602397292;0.11687817702239206;18.704.102.705.690.200
2026-04-20 00:00:00+00:00;"3,31E+10";0.028577638612151113;0.0001883316842094618;0.00017164828626064916;0.11706536755417328;18.704.102.705.690.200
2026-04-21 00:00:00+00:00;"3,40E+11";0.028625809726867523;0.00019098691992345157;0.00017748027493983854;0.11711194138183734;18.554.464.860.536.100
2026-04-22 00:00:00+00:00;"3,39E+10";0.028594920515373722;0.00019292790266113512;0.00017850131087042098;0.11712057476844447;18.554.464.860.536.100
2026-04-23 00:00:00+00:00;"3,42E+10";0.028594920515373722;0.00019174905318929968;0.00015348434478447575;0.11711817033814657;18.554.464.860.536.100
2026-04-24 00:00:00+00:00;"3,33E+11";0.028646527242310003;0.0001887167355781885;0.00015227846437588054;0.11712495717737405;18.554.464.860.536.100
2026-04-25 00:00:00+00:00;"3,22E+10";0.028568452853228156;0.0001866566195386474;0.000150316869225887;0.11718141121996768;18.554.910.440.936.600
2026-04-26 00:00:00+00:00;"3,14E+11";0.028468661990291255;0.00018682711753474404;0.00014627124075759543;0.11715063686774231;18.580.964.726.639.900
2026-04-27 00:00:00+00:00;"3,14E+11";0.028468661990291255;0.00018682711753474404;0.00014627124075759543;0.11718334044621444;18.580.964.726.639.900
2026-04-28 00:00:00+00:00;"3,11E+11";0.028209646687556048;0.00018385971750646267;0.0001268584469760591;0.11715809461293794;18.580.964.726.639.900
2026-04-29 00:00:00+00:00;"3,02E+11";0.02793008906631457;0.0001806481882757211;0.000114481817452363;0.11719075466948321;18.580.964.726.639.900
2026-04-30 00:00:00+00:00;"3,03E+11";0.027931546012660735;0.00018221997461751664;0.00012000268278901992;0.11714719818396997;18.580.964.726.639.900
2026-05-01 00:00:00+00:00;"3,17E+10";0.027862411329135108;0.00018336024724933806;0.0001225611613135858;0.11708347614515907;18.580.964.726.639.900
2026-05-02 00:00:00+00:00;"3,25E+11";0.02752839552424891;0.0001860304515596909;0.00012544398732681675;0.11705842426780494;18.580.964.726.639.900
2026-05-03 00:00:00+00:00;"3,29E+09";0.02750749305979518;0.00018713939143604445;0.00012861753774738173;0.1170413243349152;18.580.964.726.639.900
2026-05-04 00:00:00+00:00;"3,32E+10";0.02747410858126743;0.00018400143620583406;0.00013006118239883104;0.11709737533872773;18.580.964.726.639.900
2026-05-05 00:00:00+00:00;"3,33E+11";0.02745166999586401;0.00018512782726224993;0.00012935998892890096;0.1170917821341547;18.520.765.301.272.700
2026-05-06 00:00:00+00:00;"3,37E+11";0.02746453827993936;0.00018823973069956326;0.00014220911066046248;0.11716246749726952;18.545.540.681.501.000
2026-05-07 00:00:00+00:00;"3,40E+10";0.02737849915766361;0.00018070943114449265;0.00015237873051682002;0.11718251602091631;18.591.402.745.264.300
2026-05-08 00:00:00+00:00;"3,43E+09";0.0273226181149513;0.0001768465027480877;0.00015583547710625636;0.11713680161733482;18.591.402.745.264.300
2026-05-09 00:00:00+00:00;"3,42E+10";0.02721849598330574;0.0001718085916621899;0.00016944799496831353;0.11708857970022231;18.591.402.745.264.300
2026-05-10 00:00:00+00:00;"3,35E+10";0.02747055991951392;0.00016896716543734808;0.00016361669519354333;0.11703963587868298;18.591.402.745.264.300
2026-05-11 00:00:00+00:00;"3,27E+11";0.027260275969203093;0.00016491846375612783;0.00013860286225309074;0.11688816562185962;18.622.198.845.947.100
2026-05-12 00:00:00+00:00;"3,32E+10";0.027251889431461822;0.00016370708709144866;0.00013252465622712155;0.11677413033623178;18.625.960.596.944.300
2026-05-13 00:00:00+00:00;"3,37E+11";0.02728170460900077;0.00015935920007477533;0.00013215170284960626;0.11670644986156133;18.642.678.701.030.800
2026-05-14 00:00:00+00:00;"3,43E+10";0.027141083506594835;0.00016118761667646188;0.00013116058742631274;0.11662807736775464;18.624.091.942.861.800
2026-05-15 00:00:00+00:00;"3,44E+10";0.027317466669351382;0.00015947136614089398;0.00012349665419374812;0.1166545238692309;18.617.812.543.822.500
2026-05-16 00:00:00+00:00;"3,54E+10";0.027415483495427533;0.00016085600861905493;0.0001049263992149945;0.1166237227174929;18.595.336.874.592.300
2026-05-17 00:00:00+00:00;"3,61E+11";0.02739414853425142;0.00016040497582078123;0.00011062306266989804;0.11658796432156544;18.649.248.948.516.000
2026-05-18 00:00:00+00:00;"3,68E+10";0.02727603856927089;0.0001613968300528504;0.00011320750331905413;0.11656538505290115;18.649.248.948.516.000
2026-05-19 00:00:00+00:00;"3,65E+10";0.027306493626247298;0.00015832197920234495;0.00011879712359415823;0.11645087668265415;18.649.248.948.516.000
2026-05-20 00:00:00+00:00;"3,64E+11";0.027461453664267173;0.0001560194295327985;0.00011700312689591891;0.11639760736699135;18.649.248.948.516.000
2026-05-21 00:00:00+00:00;"3,51E+11";0.027372456413107173;0.0001524678193149188;0.00010907397787414677;0.11642638755068878;18.766.947.282.256.200
2026-05-22 00:00:00+00:00;"3,59E+09";0.02763492509581143;0.00015488374614904278;0.00012698406942721237;0.11641609606448879;18.766.947.282.256.200
2026-05-23 00:00:00+00:00;"3,62E+10";0.027705471288112068;0.0001517438092554392;0.00016308442607110944;0.11648486202724795;18.766.947.282.256.200
2026-05-24 00:00:00+00:00;"3,70E+10";0.027678224565945927;0.00015634061093573712;0.00019281371473398991;0.11650171021900702;18.766.947.282.256.200
2026-05-25 00:00:00+00:00;"3,84E+11";0.027851985245339158;0.00015724414878128537;0.00020446861683527364;0.11645648057028539;1.879.685.633.353.000
2026-05-26 00:00:00+00:00;"3,90E+10";0.028257039524232645;0.00015913419441500204;0.00020857767858163358;0.11644449799692366;18.802.441.601.357.900
2026-05-27 00:00:00+00:00;"4,01E+10";0.028418017047927974;0.00016008129775784867;0.0002069687329642325;0.11646963115645298;18.802.441.601.357.900
2026-05-28 00:00:00+00:00;"4,07E+10";0.02865322805584625;0.00016331347192669244;0.0002099995395531643;0.11657640128518093;18.802.441.601.357.900
2026-05-29 00:00:00+00:00;"4,26E+10";0.0289988101394418;0.000169801160234165;0.00022142445630964197;0.11662117459557268;18.827.388.734.478.700
2026-05-30 00:00:00+00:00;"4,26E+10";0.029036147033592245;0.0001664663018015923;0.00022426851601756832;0.11668065338236906;18.827.388.734.478.700
2026-05-31 00:00:00+00:00;"4,19E+10";0.02920169851153493;0.00016796046070433786;0.00022821757120678108;0.11671151566468058;18.624.212.691.090.000
2026-06-01 00:00:00+00:00;"4,20E+11";0.029431895477659044;0.00017055638489246982;0.00021975428704330222;0.11668252022382229;18.624.212.691.090.000
2026-06-02 00:00:00+00:00;"4,27E+11";0.029695152369164743;0.00017130378115505582;0.00021585124187432816;0.11667095477397907;18.624.212.691.090.000
2026-06-03 00:00:00+00:00;"4,34E+11";0.02981647532919733;0.00017121563774029493;0.00021019981553664359;0.11658726468324158;18.624.212.691.090.000
2026-06-04 00:00:00+00:00;"4,57E+10";0.029951721924666056;0.00017207265252317796;0.00020564114074230903;0.11658241064711046;18.624.212.691.090.000
2026-06-05 00:00:00+00:00;"4,57E+09";0.030024674850748837;0.00016835517387608762;0.00019801723096846688;0.1165445995752257;18.651.019.046.884.300
2026-06-06 00:00:00+00:00;"4,52E+10";0.029979328265149027;0.00016632687265931404;0.00019706828185335126;0.11651044094351802;18.622.633.820.952.500
2026-06-07 00:00:00+00:00;"4,57E+10";0.029815411883862247;0.00016586780576209977;0.00018569032571104791;0.1165068250713926;1.861.374.108.439.930
2026-06-08 00:00:00+00:00;"4,60E+10";0.029722838932786613;0.00016056041879776748;0.00019908443038531677;0.11653381773468216;18.670.122.155.228.300
2026-06-09 00:00:00+00:00;"4,73E+09";0.029660817063749432;0.00016158590883692508;0.0002051534336110071;0.11658228756201382;18.674.371.474.041.200
2026-06-10 00:00:00+00:00;"4,83E+10";0.029848988726323626;0.00016357753723734417;0.000220254172951539;0.1166910158263312;18.651.872.246.236.100
2026-06-11 00:00:00+00:00;"4,85E+10";0.030025790139589437;0.0001642385876668958;0.00021907543118837182;0.11676575375927815;1.869.046.444.960.110
2026-06-12 00:00:00+00:00;"4,89E+11";0.03010257140762374;0.00016776113564423792;0.00021723158120323525;0.11664537434475584;18.675.340.738.892.100
2026-06-13 00:00:00+00:00;"4,88E+10";0.030201800508284655;0.0001684929015538575;0.00021392179578407153;0.11656470587006719;18.675.340.738.892.100
2026-06-14 00:00:00+00:00;"4,87E+10";0.030075685615399327;0.0001701073070915677;0.00020718528422488896;0.11637010462205814;1.871.688.140.691.140
2026-06-15 00:00:00+00:00;"4,88E+10";0.029979302093159556;0.00016750103607259946;0.00020332105850450136;0.11627242206172506;1.871.688.140.691.140
2026-06-16 00:00:00+00:00;"4,80E+10";0.029963017413667175;0.00016341367003859433;0.00019754972770971035;0.11625274712539677;18.714.730.818.210.000
2026-06-17 00:00:00+00:00;"4,72E+11";0.0299470105796922;0.00016335273593600516;0.0001903083806900556;0.11625491398000953;18.735.673.809.137.000
2026-06-18 00:00:00+00:00;"4,76E+10";0.02994504743845595;0.00016673870073307797;0.00018633624133641125;0.11630404920439523;18.762.542.683.606.900
2026-06-19 00:00:00+00:00;"4,79E+11";0.029785525358839514;0.00016898039434928378;0.0002163657826969208;0.11633190630812833;18.782.255.036.563.500
2026-06-20 00:00:00+00:00;"4,83E+10";0.029947608387130658;0.00016908267183827106;0.00022999994358822065;0.11639478128365792;18.784.900.631.323.200
2026-06-21 00:00:00+00:00;"4,73E+11";0.029811498848732916;0.00016495850570822287;0.00022114731762017936;0.11651744690507344;18.784.900.631.323.200
2026-06-22 00:00:00+00:00;"4,63E+10";0.02970073137743931;0.00016270292016388967;0.00021885470686950105;0.11653470183261712;18.794.597.920.445.600
2026-06-23 00:00:00+00:00;"4,65E+11";0.029666616174904688;0.00015898487517358262;0.00020455555171906554;0.11652726485873709;187.736.659.448.248
2026-06-24 00:00:00+00:00;"4,51E+11";0.029434251735350074;0.0001590531171038404;0.00019512485177639152;0.116469107380118;187.736.659.448.248
2026-06-25 00:00:00+00:00;"4,45E+09";0.02917907156557815;0.0001566437843195636;0.00019187339165087445;0.11647867782398903;18.781.943.941.498.300
2026-06-26 00:00:00+00:00;"4,33E+11";0.02899900625944521;0.00015556220254319002;0.00018764229632654112;0.1164133875960051;18.781.943.941.498.300
2026-06-27 00:00:00+00:00;"4,29E+10";0.029072050730617294;0.00015314751959566816;0.00018948721136707083;0.11622004604550318;1.878.748.495.290.870
2026-06-28 00:00:00+00:00;"4,21E+10";0.029025212354329734;0.0001514840282328407;0.00020465421657960199;0.11606804217503525;18.793.996.668.068.400
2026-06-29 00:00:00+00:00;"4,23E+10";0.0289800380654072;0.000155685212261243;0.00020841625020805185;0.1159973871602554;18.812.719.122.512.800
2026-06-30 00:00:00+00:00;"4,38E+10";0.029021398334237933;0.00015859105344813554;0.00022052577182055246;0.11601375433983221;18.926.844.906.927.600
2026-07-01 00:00:00+00:00;"4,41E+11";0.029016776505033804;0.00016246017766507142;0.00022433894798812583;0.11604838547381484;18.926.844.906.927.600
2026-07-02 00:00:00+00:00;"4,40E+11";0.028961665926247163;0.00016172417125778795;0.00022465568654735736;0.11603160702218909;1.892.237.658.728.320
2026-07-03 00:00:00+00:00;"4,34E+11";0.028968212567568617;0.00016291696791592434;0.0002395221131820068;0.11605964907341529;18.932.010.691.815.900
2026-07-04 00:00:00+00:00;"4,09E+11";0.02881936913964129;0.00015972256996887876;0.00024249531839290743;0.11607283499806816;18.940.216.313.242.500
2026-07-05 00:00:00+00:00;"4,05E+10";0.02875299101361335;0.00016286834828548402;0.0002510260120826899;0.11602879926712822;1.894.335.847.090.310
2026-07-06 00:00:00+00:00;"4,06E+10";0.029061068583581342;0.00016529045882937875;0.00025886816861154545;0.11598608161681868;18.954.169.754.075.300
2026-07-07 00:00:00+00:00;"4,05E+10";0.029289465709349906;0.00016270220687623454;0.0002602944120959283;0.11598536333257996;18.974.748.282.180.400
2026-07-08 00:00:00+00:00;"4,05E+10";0.02957899062091085;0.00016530488491629003;0.000253737370686688;0.11601145367761885;1.896.180.971.079.540
2026-07-09 00:00:00+00:00;"3,98E+10";0.029462234037774086;0.00016567567468516435;0.0002515499584023752;0.11602700483774063;18.975.858.439.035.500
2026-07-10 00:00:00+00:00;"3,92E+10";0.02928454360582005;0.0001645972326504155;0.00023916655451857184;0.11600766918751386;18.980.333.650.289.400
2026-07-11 00:00:00+00:00;"3,90E+09";0.029219125738654667;0.00017128765060132837;0.0002351489324684;0.11599784676090673;18.976.875.325.775.600
2026-07-12 00:00:00+00:00;"3,91E+10";0.029289791345383155;0.00016763039013258324;0.00021890659500182726;0.11616157521586182;18.976.875.325.775.600
2026-07-13 00:00:00+00:00;"3,89E+11";0.029569279409768553;0.00016738311739542385;0.00022519973713329728;0.11637965514243828;18.980.189.461.118.100
2026-07-14 00:00:00+00:00;"3,90E+10";0.029510066029890737;0.0001655500116799448;0.00022267856612323949;0.11659063018134393;18.974.661.563.219.800
2026-07-15 00:00:00+00:00;"3,77E+10";0.029353132896136787;0.0001654421914641441;0.00022108154871555575;0.11670635141580202;18.974.661.563.219.800
2026-07-16 00:00:00+00:00;"3,78E+10";0.029334541208668165;0.00016664540992513134;0.0002105228920871038;0.11671353686628168;1.898.947.401.753.680
2026-07-17 00:00:00+00:00;"3,80E+11";0.02934044518361437;0.0001649720793402282;0.00021833092550512377;0.11669485386200205;18.990.775.534.659.200
2026-07-18 00:00:00+00:00;"3,76E+11";0.02931030139755334;0.00016031155422959866;0.00022117925251261607;0.11665084051083119;18.985.234.732.154.100
2026-07-19 00:00:00+00:00;"3,74E+10";0.02949762749630585;0.00015994791428084948;0.00019857801711646814;0.11663454627012877;18.981.904.676.351.200
2026-07-20 00:00:00+00:00;"3,74E+10";0.029571187330483275;0.0001605068022332351;0.00018751032530386913;0.1164983898603679;18.981.904.676.351.200
2026-07-21 00:00:00+00:00;"3,84E+11";0.029703433075134674;0.00016411136255037355;0.0001761186295077875;0.11629365512258452;18.981.904.676.351.200
2026-07-22 00:00:00+00:00;"3,91E+10";0.03012058443504013;0.0001645380675528088;0.00015965688473513372;0.11615450598509704;18.985.987.476.172.200
2026-07-23 00:00:00+00:00;"3,96E+10";0.030378810892821524;0.00016622693386377622;0.00014616075874687257;0.11609141203178751;1.902.208.527.546.070
2026-07-24 00:00:00+00:00;"4,06E+10";0.030654322640359277;0.0001690446819522595;0.00014858753711352704;0.11618183725275087;1.902.208.527.546.070
2026-07-25 00:00:00+00:00;"4,11E+10";0.030631157646638294;0.00016804308932466544;0.00016234046205324218;0.11626735814655333;19.022.182.283.212.200
2026-07-26 00:00:00+00:00;"4,08E+11";0.030595761353478256;0.0001692491543168483;0.00015880141876210857;0.11646115770534284;1.902.269.347.420.930
2026-07-27 00:00:00+00:00;"4,08E+10";0.030529941251401505;0.0001764194939354804;0.00014602168127444845;0.11664636353713961;19.033.161.498.404.500
2026-07-28 00:00:00+00:00;"4,01E+11";0.030443483404207654;0.00017247760240076855;0.00010666352108575436;0.1168359996616653;1.902.896.079.128.810
2026-07-29 00:00:00+00:00;"3,93E+10";0.030762578166165462;0.00017102683797148773;"9,86E+10";0.1169969776690068;19.020.457.453.223.100
2026-07-30 00:00:00+00:00;"3,76E+11";0.030881154115484408;0.000167466048272753;"8,41E+10";0.11712527808381966;19.000.176.488.053.900
2026-07-31 00:00:00+00:00;"3,69E+08";0.031040961325907897;0.00016227081207374826;"8,09E+09";0.1172227885188727;18.981.753.043.760.500
2026-08-01 00:00:00+00:00;"3,58E+10";0.030957036486943895;0.00016289555175739209;"8,63E+10";0.11735574903439573;1.899.557.692.639.580
2026-08-02 00:00:00+00:00;"3,46E+10";0.030831703878342945;0.00015775687251552188;"7,38E+09";0.11748884847950158;18.985.620.113.767.400
2026-08-03 00:00:00+00:00;"3,45E+10";0.030935483054151943;0.00015647933930517652;"6,91E+10";0.11758506319085626;18.963.897.577.922.000
2026-08-04 00:00:00+00:00;"3,47E+10";0.031125854796441806;0.00015719893631919077;"6,37E+10";0.11765095566631978;18.960.669.675.885.300
2026-08-05 00:00:00+00:00;"3,44E+10";0.030894792398267312;0.0001548172167491205;"6,85E+10";0.11767199696464967;18.965.122.814.757.000
2026-08-06 00:00:00+00:00;"3,43E+10";0.030648620107664164;0.00015538852090073572;"7,06E+10";0.11783051027944588;18.965.122.814.757.000
2026-08-07 00:00:00+00:00;"3,37E+11";0.030461927482355693;0.00015460458720658766;"5,69E+09";0.11792108461712342;18.969.757.059.733.600
2026-08-08 00:00:00+00:00;"3,32E+11";0.03066780681172345;0.0001545860014875964;"4,36E+10";0.11800591740945368;18.966.636.818.929.200
2026-08-09 00:00:00+00:00;"3,29E+10";0.030819684174419812;0.00015620447364088065;"4,58E+10";0.11815365614614096;18.977.261.386.596.800
2026-08-10 00:00:00+00:00;"3,38E+08";0.031034585682145083;0.00015501992061670307;"6,65E+10";0.11832900449934627;18.977.261.386.596.800
2026-08-11 00:00:00+00:00;"3,38E+10";0.03130691557090917;0.00016034346314221007;"9,41E+08";0.11850651725374081;18.977.261.386.596.800
2026-08-12 00:00:00+00:00;"3,39E+11";0.031225318624172587;0.00016020014881454287;"8,88E+10";0.11857830251407138;18.986.830.584.963.000
2026-08-13 00:00:00+00:00;"3,42E+11";0.031296737331255625;0.00016017661349630987;"8,91E+10";0.11859566276573166;18.986.830.584.963.000
2026-08-14 00:00:00+00:00;"3,54E+11";0.03191942514764557;0.00016213290553345958;"9,54E+10";0.11866143871136382;18.919.833.038.464.500
2026-08-15 00:00:00+00:00;"3,54E+11";0.03227699168662973;0.00016340658713806083;"9,94E+10";0.11880792864043298;18.884.893.687.977.300
2026-08-16 00:00:00+00:00;"3,50E+10";0.032380648818557616;0.0001637027599081516;"8,96E+10";0.11891335451392208;18.895.823.865.460.900
2026-08-17 00:00:00+00:00;"3,44E+10";0.032480602179316434;0.00016815696098712883;"8,47E+10";0.11911873886681562;18.909.339.916.713.000
2026-08-18 00:00:00+00:00;"3,38E+11";0.032314502625373095;0.00016814294297775543;"8,99E+10";0.11926348282381737;18.909.339.916.713.000
2026-08-19 00:00:00+00:00;"3,34E+10";0.032104577969368005;0.00016737656173046873;0.0001002770743595247;0.119483629320607;18.906.576.498.299.200
2026-08-20 00:00:00+00:00;"3,23E+10";0.03180688760211054;0.00016305125141131738;0.00011529373860460944;0.11974536745686719;1.890.761.706.111.000
2026-08-21 00:00:00+00:00;"3,17E+10";0.03138271775934504;0.0001621824928890434;0.00012572631905060516;0.12003593267966998;18.897.484.352.223.600
2026-08-22 00:00:00+00:00;"3,10E+10";0.031130404064105267;0.00016277979498150786;0.00012665778463453502;0.12022504287235661;18.896.698.333.431.100
2026-08-23 00:00:00+00:00;"3,00E+10";0.031026574807705248;0.00016165743814018638;0.00011534865518794107;0.12033606918923777;18.882.122.289.408.100
