date,NO2_mean,NO2_rolling30
2025-08-23 00:00:00+00:00,,
2025-08-24 00:00:00+00:00,4.033099143587448e-05,4.033099143587448e-05
2025-08-25 00:00:00+00:00,4.914385741964603e-05,4.473742442776026e-05
2025-08-26 00:00:00+00:00,5.955956448539809e-05,4.96781377803062e-05
2025-08-27 00:00:00+00:00,4.250263737048954e-05,4.7884262677852035e-05
2025-08-28 00:00:00+00:00,3.6768050939337205e-05,4.566102033014907e-05
2025-08-29 00:00:00+00:00,1.926583249336372e-05,4.126182235735152e-05
2025-08-30 00:00:00+00:00,3.552663383743493e-05,4.0442509711649146e-05
2025-08-31 00:00:00+00:00,1.7997540446616988e-05,3.7636888553520126e-05
2025-09-01 00:00:00+00:00,1.969937641137442e-05,3.5643831648837264e-05
2025-09-02 00:00:00+00:00,8.706719217061067e-06,3.2950120405659646e-05
2025-09-03 00:00:00+00:00,2.160608849435724e-05,3.191884477735943e-05
2025-09-04 00:00:00+00:00,1.9600056034643345e-05,3.0892279048799755e-05
2025-09-05 00:00:00+00:00,3.367864243547705e-05,3.110661469392878e-05
2025-09-06 00:00:00+00:00,2.8712899721641508e-05,3.0935635053051115e-05
2025-09-07 00:00:00+00:00,5.870410363554997e-05,3.278686629188437e-05
2025-09-08 00:00:00+00:00,6.394291328130446e-05,3.473411922872313e-05
2025-09-09 00:00:00+00:00,3.897021259844122e-05,3.498330119164772e-05
2025-09-10 00:00:00+00:00,3.4150286670150566e-05,3.49370226071201e-05
2025-09-11 00:00:00+00:00,2.7358154732086625e-05,3.4538134824223604e-05
2025-09-12 00:00:00+00:00,3.0737517563190494e-05,3.434810396117195e-05
2025-09-13 00:00:00+00:00,3.5406102941840686e-05,3.439848486501332e-05
2025-09-14 00:00:00+00:00,3.3704702659495965e-05,3.4366949310217074e-05
2025-09-15 00:00:00+00:00,4.502135178492088e-05,3.483018420042159e-05
2025-09-16 00:00:00+00:00,4.806940187336295e-05,3.538181827012748e-05
2025-09-17 00:00:00+00:00,5.668801318011794e-05,3.623406606652709e-05
2025-09-18 00:00:00+00:00,2.6904395740116755e-05,3.587523259243439e-05
2025-09-19 00:00:00+00:00,2.1124364400637923e-05,3.532890414088637e-05
2025-09-20 00:00:00+00:00,2.5205212240976957e-05,3.496734371588961e-05
2025-09-21 00:00:00+00:00,3.0655382832981445e-05,3.4818655409582425e-05
2025-09-22 00:00:00+00:00,2.693993018042282e-05,3.455603123527711e-05
2025-09-23 00:00:00+00:00,6.98584832813746e-05,3.5540280963460446e-05
2025-09-24 00:00:00+00:00,6.348610543985464e-05,3.60183558974674e-05
2025-09-25 00:00:00+00:00,2.346785767961344e-05,3.4815299003941254e-05
2025-09-26 00:00:00+00:00,2.4645741315466832e-05,3.422006913544048e-05
2025-09-27 00:00:00+00:00,3.40708145703309e-05,3.413016125647361e-05
2025-09-28 00:00:00+00:00,1.403524205408868e-05,3.395580824183111e-05
2025-09-29 00:00:00+00:00,2.8669971753157423e-05,3.372725283902186e-05
2025-09-30 00:00:00+00:00,3.547936648828909e-05,3.430998037374426e-05
2025-10-01 00:00:00+00:00,,3.481379430348115e-05
2025-10-02 00:00:00+00:00,2.925670370049457e-05,3.5522414458082305e-05
2025-10-03 00:00:00+00:00,4.3485733564893685e-05,3.627688497775598e-05
2025-10-04 00:00:00+00:00,3.506504317280787e-05,3.681016039631338e-05
2025-10-05 00:00:00+00:00,1.5927992344586527e-05,3.6198069013868874e-05
2025-10-06 00:00:00+00:00,2.8124871539947694e-05,3.617779218001737e-05
2025-10-07 00:00:00+00:00,5.560907161314831e-05,3.607106693786558e-05
2025-10-08 00:00:00+00:00,4.778885863743199e-05,3.55140305708355e-05
2025-10-09 00:00:00+00:00,5.292302133360257e-05,3.5995161906530714e-05
2025-10-10 00:00:00+00:00,4.7202924997691297e-05,3.644525288334247e-05
2025-10-11 00:00:00+00:00,3.750076631030938e-05,3.679499811017773e-05
2025-10-12 00:00:00+00:00,1.6168765400222906e-05,3.629262734593747e-05
2025-10-13 00:00:00+00:00,2.9302858076169453e-05,3.608217062643156e-05
2025-10-14 00:00:00+00:00,2.715331021191201e-05,3.5856260542032126e-05
2025-10-15 00:00:00+00:00,3.058760017721039e-05,3.535854496935245e-05
2025-10-16 00:00:00+00:00,3.580884566128423e-05,3.493576716893594e-05
2025-10-17 00:00:00+00:00,2.6532606473968677e-05,3.389592555837907e-05
2025-10-18 00:00:00+00:00,2.9156458918860704e-05,3.397358290937024e-05
2025-10-19 00:00:00+00:00,4.218462481730967e-05,3.46997987858072e-05
2025-10-20 00:00:00+00:00,2.837436222762335e-05,3.480907981982949e-05
2025-10-21 00:00:00+00:00,3.546740352307566e-05,3.497501156776377e-05
2025-10-22 00:00:00+00:00,,3.5261978760168806e-05
2025-10-23 00:00:00+00:00,4.2966000971015696e-05,3.430153296337027e-05
2025-10-24 00:00:00+00:00,,3.322062287164863e-05
2025-10-25 00:00:00+00:00,4.15656538210057e-05,3.389091161762612e-05
2025-10-26 00:00:00+00:00,4.832873401028337e-05,3.476805949521192e-05
2025-10-27 00:00:00+00:00,,3.479487660770734e-05
2025-10-28 00:00:00+00:00,3.42889288731385e-05,3.557386456228618e-05
2025-10-29 00:00:00+00:00,,3.585002027465133e-05
2025-10-30 00:00:00+00:00,3.742252430618884e-05,3.5927746587367324e-05
2025-10-31 00:00:00+00:00,3.41554621425328e-06,3.467727734224755e-05
2025-11-01 00:00:00+00:00,,3.4894100287917675e-05
2025-11-02 00:00:00+00:00,8.366747351828963e-06,3.348934083939508e-05
2025-11-03 00:00:00+00:00,,3.342368657550289e-05
2025-11-04 00:00:00+00:00,,3.418436893336881e-05
2025-11-05 00:00:00+00:00,,3.4459800633069774e-05
2025-11-06 00:00:00+00:00,4.301357057556743e-05,3.388727785863428e-05
2025-11-07 00:00:00+00:00,4.21224675240713e-05,3.362971462620879e-05
2025-11-08 00:00:00+00:00,,3.271098573538052e-05
2025-11-09 00:00:00+00:00,,3.198638877226497e-05
2025-11-10 00:00:00+00:00,,3.169615837552579e-05
2025-11-11 00:00:00+00:00,,3.2558791318598175e-05
2025-11-12 00:00:00+00:00,,3.275031680344693e-05
2025-11-13 00:00:00+00:00,,3.3100129715417855e-05
2025-11-14 00:00:00+00:00,,3.326763168463169e-05
2025-11-15 00:00:00+00:00,,3.308611640058508e-05
2025-11-16 00:00:00+00:00,,3.359023254878634e-05
2025-11-17 00:00:00+00:00,,3.395971368461348e-05
2025-11-18 00:00:00+00:00,3.344402539369184e-05,3.3231330399311996e-05
2025-11-19 00:00:00+00:00,,3.36728729603746e-05
2025-11-20 00:00:00+00:00,,3.3493419904104495e-05
2025-11-21 00:00:00+00:00,,3.3493419904104495e-05
2025-11-22 00:00:00+00:00,,3.2440910896669915e-05
2025-11-23 00:00:00+00:00,,3.2440910896669915e-05
2025-11-24 00:00:00+00:00,,3.1300318031127944e-05
2025-11-25 00:00:00+00:00,5.075485690516265e-05,3.160358339298785e-05
2025-11-26 00:00:00+00:00,,3.160358339298785e-05
2025-11-27 00:00:00+00:00,,3.1219962610109184e-05
2025-11-28 00:00:00+00:00,3.324409700998449e-05,3.14729794100936e-05
2025-11-29 00:00:00+00:00,,3.062304442493713e-05
2025-11-30 00:00:00+00:00,,3.5157627460051116e-05
2025-12-01 00:00:00+00:00,,3.5157627460051116e-05
2025-12-02 00:00:00+00:00,5.271259336344277e-05,4.2548601795320085e-05
2025-12-03 00:00:00+00:00,7.998887263561806e-05,4.7897211915362644e-05
2025-12-04 00:00:00+00:00,,4.7897211915362644e-05
2025-12-05 00:00:00+00:00,5.817276644393132e-05,4.918165623143373e-05
2025-12-06 00:00:00+00:00,,5.0062811325128916e-05
2025-12-07 00:00:00+00:00,2.013089908814436e-05,4.692115869142507e-05
2025-12-08 00:00:00+00:00,,4.692115869142507e-05
2025-12-09 00:00:00+00:00,,4.692115869142507e-05
2025-12-10 00:00:00+00:00,5.342750036537549e-05,4.773445140066888e-05
2025-12-11 00:00:00+00:00,,4.773445140066888e-05
2025-12-12 00:00:00+00:00,3.744092568272858e-05,4.659072632089773e-05
2025-12-13 00:00:00+00:00,4.69037884613499e-05,4.662203253494295e-05
2025-12-14 00:00:00+00:00,,4.662203253494295e-05
2025-12-15 00:00:00+00:00,5.510728199927447e-05,4.739341884988217e-05
2025-12-16 00:00:00+00:00,,4.739341884988217e-05
2025-12-17 00:00:00+00:00,4.8051856113791774e-05,4.744828862187465e-05
2025-12-18 00:00:00+00:00,,4.872140346080035e-05
2025-12-19 00:00:00+00:00,,4.872140346080035e-05
2025-12-20 00:00:00+00:00,,4.872140346080035e-05
2025-12-21 00:00:00+00:00,,4.872140346080035e-05
2025-12-22 00:00:00+00:00,,4.872140346080035e-05
2025-12-23 00:00:00+00:00,3.720410131791141e-05,4.776162828222627e-05
2025-12-24 00:00:00+00:00,,4.776162828222627e-05
2025-12-25 00:00:00+00:00,4.4470654150548704e-05,4.723794471934178e-05
2025-12-26 00:00:00+00:00,,4.723794471934178e-05
2025-12-27 00:00:00+00:00,,4.723794471934178e-05
2025-12-28 00:00:00+00:00,,4.851011269291971e-05
2025-12-29 00:00:00+00:00,9.57728007051628e-05,5.24486700272733e-05
2025-12-30 00:00:00+00:00,6.928641381488309e-05,5.374388108785867e-05
2025-12-31 00:00:00+00:00,,5.374388108785867e-05
2026-01-01 00:00:00+00:00,,5.3829821731559997e-05
2026-01-02 00:00:00+00:00,3.826976353593636e-05,5.035322930658652e-05
2026-01-03 00:00:00+00:00,,5.035322930658652e-05
2026-01-04 00:00:00+00:00,4.378451681344921e-05,4.915420850404635e-05
2026-01-05 00:00:00+00:00,,4.915420850404635e-05
2026-01-06 00:00:00+00:00,2.4026625396800227e-05,4.947885236310101e-05
2026-01-07 00:00:00+00:00,,4.947885236310101e-05
2026-01-08 00:00:00+00:00,,4.947885236310101e-05
2026-01-09 00:00:00+00:00,,4.911988436289423e-05
2026-01-10 00:00:00+00:00,,4.911988436289423e-05
2026-01-11 00:00:00+00:00,,5.0287780230910806e-05
2026-01-12 00:00:00+00:00,,5.066377931641757e-05
2026-01-13 00:00:00+00:00,,5.066377931641757e-05
2026-01-14 00:00:00+00:00,3.0200315086403863e-05,4.7896338548320824e-05
2026-01-15 00:00:00+00:00,,4.7896338548320824e-05
2026-01-16 00:00:00+00:00,,4.787689885263696e-05
2026-01-17 00:00:00+00:00,2.7033367132389685e-05,4.55609508837206e-05
2026-01-18 00:00:00+00:00,,4.55609508837206e-05
2026-01-19 00:00:00+00:00,3.52634457259329e-05,4.453120036794183e-05
2026-01-20 00:00:00+00:00,2.713532194320578e-05,4.2949756874784e-05
2026-01-21 00:00:00+00:00,3.103223581788103e-05,4.1956630120042085e-05
2026-01-22 00:00:00+00:00,,4.238867819296305e-05
2026-01-23 00:00:00+00:00,,4.238867819296305e-05
2026-01-24 00:00:00+00:00,3.0093851541500448e-05,4.108169613759503e-05
2026-01-25 00:00:00+00:00,9.286364274885273e-06,3.843208514903589e-05
2026-01-26 00:00:00+00:00,,3.843208514903589e-05
2026-01-27 00:00:00+00:00,,3.843208514903589e-05
2026-01-28 00:00:00+00:00,,3.3219292825751624e-05
2026-01-29 00:00:00+00:00,4.602554299008961e-05,3.110466820531585e-05
2026-01-30 00:00:00+00:00,2.010993134520148e-05,3.0188440133639658e-05
2026-01-31 00:00:00+00:00,4.3144944083906014e-05,3.1185094283660144e-05
2026-02-01 00:00:00+00:00,2.423340629320592e-05,3.0105374495757803e-05
2026-02-02 00:00:00+00:00,4.532417096925201e-05,3.1192431386721675e-05
2026-02-03 00:00:00+00:00,3.119267068996123e-05,3.0293013806472536e-05
2026-02-04 00:00:00+00:00,3.474126684263216e-05,3.058956400888318e-05
2026-02-05 00:00:00+00:00,3.191864824556332e-05,3.1115698865467385e-05
2026-02-06 00:00:00+00:00,2.6502020925060304e-05,3.082734399419194e-05
2026-02-07 00:00:00+00:00,,3.082734399419194e-05
2026-02-08 00:00:00+00:00,,3.082734399419194e-05
2026-02-09 00:00:00+00:00,,3.082734399419194e-05
2026-02-10 00:00:00+00:00,3.463835537331761e-05,3.1051521134140505e-05
2026-02-11 00:00:00+00:00,,3.1051521134140505e-05
2026-02-12 00:00:00+00:00,3.121911322523374e-05,3.106083180586791e-05
2026-02-13 00:00:00+00:00,,3.111145043642462e-05
2026-02-14 00:00:00+00:00,,3.111145043642462e-05
2026-02-15 00:00:00+00:00,2.995435660641701e-05,3.104716744586864e-05
2026-02-16 00:00:00+00:00,5.249594323686324e-05,3.246175500722828e-05
2026-02-17 00:00:00+00:00,,3.246175500722828e-05
2026-02-18 00:00:00+00:00,,3.22969496708339e-05
2026-02-19 00:00:00+00:00,,3.261955140381065e-05
2026-02-20 00:00:00+00:00,3.15034809318604e-05,3.264900422343436e-05
2026-02-21 00:00:00+00:00,,3.264900422343436e-05
2026-02-22 00:00:00+00:00,,3.264900422343436e-05
2026-02-23 00:00:00+00:00,,3.281934773556329e-05
2026-02-24 00:00:00+00:00,,3.4500275125611724e-05
2026-02-25 00:00:00+00:00,,3.4500275125611724e-05
2026-02-26 00:00:00+00:00,4.3773211343380224e-05,3.5118470873462954e-05
2026-02-27 00:00:00+00:00,3.21698601175357e-05,3.49341827012175e-05
2026-02-28 00:00:00+00:00,,3.419475868195936e-05
2026-03-01 00:00:00+00:00,,3.520081777744206e-05
2026-03-02 00:00:00+00:00,,3.45897311384833e-05
2026-03-03 00:00:00+00:00,,3.5452758208923074e-05
2026-03-04 00:00:00+00:00,3.2511476547369966e-05,3.4385033673766246e-05
2026-03-05 00:00:00+00:00,3.5063217183051165e-05,3.470757921485707e-05
2026-03-06 00:00:00+00:00,,3.470451670324115e-05
2026-03-07 00:00:00+00:00,,3.498310354900894e-05
2026-03-08 00:00:00+00:00,2.533774168114178e-05,3.486667562461708e-05
2026-03-09 00:00:00+00:00,4.683436418417841e-05,3.595464731184993e-05
2026-03-10 00:00:00+00:00,4.3005104609099885e-05,3.654218541995409e-05
2026-03-11 00:00:00+00:00,1.484256131334405e-05,3.487298356559948e-05
2026-03-12 00:00:00+00:00,2.901238840422593e-05,3.444021687566934e-05
2026-03-13 00:00:00+00:00,3.479827157409293e-05,3.446579221127103e-05
2026-03-14 00:00:00+00:00,4.516495350385826e-05,3.546192365974421e-05
2026-03-15 00:00:00+00:00,4.736357550427783e-05,3.625536711604645e-05
2026-03-16 00:00:00+00:00,4.287386163132792e-05,3.666902302325154e-05
2026-03-17 00:00:00+00:00,2.597763705125544e-05,3.642047805105394e-05
2026-03-18 00:00:00+00:00,,3.534878037199999e-05
2026-03-19 00:00:00+00:00,3.30848888552282e-05,3.520728715220175e-05
2026-03-20 00:00:00+00:00,,3.520728715220175e-05
2026-03-21 00:00:00+00:00,2.76456728897756e-05,3.476248631323551e-05
2026-03-22 00:00:00+00:00,,3.496617414957145e-05
2026-03-23 00:00:00+00:00,3.789752203634375e-05,3.5138606378205116e-05
2026-03-24 00:00:00+00:00,,3.5138606378205116e-05
2026-03-25 00:00:00+00:00,4.077919074916281e-05,3.5451972176591654e-05
2026-03-26 00:00:00+00:00,5.290675729948787e-05,3.637064507779672e-05
2026-03-27 00:00:00+00:00,4.982482434050845e-05,3.7043354040932304e-05
2026-03-28 00:00:00+00:00,,3.6689151025013995e-05
2026-03-29 00:00:00+00:00,3.9160153210104906e-05,3.7057061187780795e-05
2026-03-30 00:00:00+00:00,3.265293728165691e-05,3.6836854992474603e-05
2026-03-31 00:00:00+00:00,2.7097464044345543e-05,3.637307447113513e-05
2026-04-01 00:00:00+00:00,2.6259518535604883e-05,3.5913367383156476e-05
2026-04-02 00:00:00+00:00,2.0098246386623943e-05,3.5225753426785494e-05
2026-04-03 00:00:00+00:00,2.3519552114797108e-05,3.4834800190586676e-05
2026-04-04 00:00:00+00:00,,3.4824417600020106e-05
2026-04-05 00:00:00+00:00,2.438282327795715e-05,3.4370435238191283e-05
2026-04-06 00:00:00+00:00,2.434087703780581e-05,3.3952536979841895e-05
2026-04-07 00:00:00+00:00,,3.432709329717668e-05
2026-04-08 00:00:00+00:00,2.3212005544337444e-05,3.330003422587925e-05
2026-04-09 00:00:00+00:00,,3.2858894663005575e-05
2026-04-10 00:00:00+00:00,4.611633630702272e-05,3.428042988999097e-05
2026-04-11 00:00:00+00:00,4.9877183907180246e-05,3.5228829685579804e-05
2026-04-12 00:00:00+00:00,2.279836950037861e-05,3.468337959132006e-05
2026-04-13 00:00:00+00:00,2.231603541462612e-05,3.364479240544588e-05
2026-04-14 00:00:00+00:00,2.248344996284383e-05,3.251387760810797e-05
2026-04-15 00:00:00+00:00,3.2117547699740634e-05,3.202495424758127e-05
2026-04-16 00:00:00+00:00,2.450350020257192e-05,3.1957948027186565e-05
2026-04-17 00:00:00+00:00,3.2460857679931604e-05,3.197981366426244e-05
2026-04-18 00:00:00+00:00,3.7207380955806e-05,3.215905245124408e-05
2026-04-19 00:00:00+00:00,4.092241265011994e-05,3.2524192459530574e-05
2026-04-20 00:00:00+00:00,4.043699250773484e-05,3.305716411027888e-05
2026-04-21 00:00:00+00:00,5.784324360623335e-05,3.4048607290117055e-05
2026-04-22 00:00:00+00:00,,3.388823584235761e-05
2026-04-23 00:00:00+00:00,4.198994120088173e-05,3.421230405669857e-05
2026-04-24 00:00:00+00:00,1.687104960873748e-05,3.3255978411081564e-05
2026-04-25 00:00:00+00:00,2.5751280866119707e-05,3.216975935374684e-05
2026-04-26 00:00:00+00:00,2.997249456518947e-05,3.1375666162734076e-05
2026-04-27 00:00:00+00:00,,3.1375666162734076e-05
2026-04-28 00:00:00+00:00,3.2843735569162835e-05,3.1123009457096395e-05
2026-04-29 00:00:00+00:00,8.597069981735533e-06,3.0160774765099538e-05
2026-04-30 00:00:00+00:00,,3.0288412711797618e-05
2026-05-01 00:00:00+00:00,6.057554855942726e-05,3.171824729612355e-05
2026-05-02 00:00:00+00:00,3.9952049659265096e-05,3.2545489099150274e-05
2026-05-03 00:00:00+00:00,3.16179498027354e-05,3.28829223361477e-05
2026-05-04 00:00:00+00:00,4.106347685216139e-05,3.321014451678825e-05
2026-05-05 00:00:00+00:00,2.5933479071571845e-05,3.3272170748532835e-05
2026-05-06 00:00:00+00:00,3.572294270160262e-05,3.3727453375084705e-05
2026-05-07 00:00:00+00:00,4.078585535546264e-05,3.399893037433001e-05
2026-05-08 00:00:00+00:00,3.177242813928222e-05,3.43281773972125e-05
2026-05-09 00:00:00+00:00,3.0888567607689765e-05,3.420078444204499e-05
2026-05-10 00:00:00+00:00,2.8427007331127493e-05,3.354562410960443e-05
2026-05-11 00:00:00+00:00,2.583807407297696e-05,3.2655286708337645e-05
2026-05-12 00:00:00+00:00,3.704935379849331e-05,3.318310094160115e-05
2026-05-13 00:00:00+00:00,3.665404465485181e-05,3.3714138320868766e-05
2026-05-14 00:00:00+00:00,3.749434913378068e-05,3.427009754942198e-05
2026-05-15 00:00:00+00:00,3.569510978801797e-05,3.440259984898781e-05
2026-05-16 00:00:00+00:00,5.093803520139773e-05,3.538165670079617e-05
2026-05-17 00:00:00+00:00,5.231983201762584e-05,3.6117174268858926e-05
2026-05-18 00:00:00+00:00,5.5988100939430296e-05,3.681275649047464e-05
2026-05-19 00:00:00+00:00,3.227229535696097e-05,3.649238177591319e-05
2026-05-20 00:00:00+00:00,3.7926648095284086e-05,3.6399406056933535e-05
2026-05-21 00:00:00+00:00,2.2724060568869003e-05,3.5098695574068194e-05
2026-05-22 00:00:00+00:00,5.63662511012808e-05,3.58582511286115e-05
2026-05-23 00:00:00+00:00,5.112689478150772e-05,3.618457089934814e-05
2026-05-24 00:00:00+00:00,3.925213257554622e-05,3.698389529101988e-05
2026-05-25 00:00:00+00:00,6.666802801191807e-05,3.8445207689084106e-05
2026-05-26 00:00:00+00:00,4.643391518281229e-05,3.903311556828492e-05
2026-05-27 00:00:00+00:00,6.95980590881802e-05,4.008707913793648e-05
2026-05-28 00:00:00+00:00,5.188424646413685e-05,4.074364847914249e-05
2026-05-29 00:00:00+00:00,6.137035387310836e-05,4.256341688918983e-05
2026-05-30 00:00:00+00:00,,4.256341688918983e-05
2026-05-31 00:00:00+00:00,4.126526400796138e-05,4.189754500810479e-05
2026-06-01 00:00:00+00:00,4.2222093422121056e-05,4.1975822379237764e-05
2026-06-02 00:00:00+00:00,5.3165704775892665e-05,4.2718848412794906e-05
2026-06-03 00:00:00+00:00,6.100848336895329e-05,4.3406607258201526e-05
2026-06-04 00:00:00+00:00,9.104922520981e-05,4.565197781469249e-05
2026-06-05 00:00:00+00:00,3.733623987390081e-05,4.57076087516683e-05
2026-06-06 00:00:00+00:00,2.746487510963701e-05,4.524826460526051e-05
2026-06-07 00:00:00+00:00,4.364597914514668e-05,4.565769739856618e-05
2026-06-08 00:00:00+00:00,4.0642860536729245e-05,4.599405232715375e-05
2026-06-09 00:00:00+00:00,6.616204243045738e-05,4.72952604340272e-05
2026-06-10 00:00:00+00:00,5.390656830665345e-05,4.826313954553328e-05
2026-06-11 00:00:00+00:00,4.31710109985557e-05,4.847423117312164e-05
2026-06-12 00:00:00+00:00,,4.8896380691631275e-05
2026-06-13 00:00:00+00:00,3.507439379807858e-05,4.880995371535621e-05
2026-06-14 00:00:00+00:00,3.174599643784859e-05,4.866891395285016e-05
2026-06-15 00:00:00+00:00,5.459428713507033e-05,4.879949437905275e-05
2026-06-16 00:00:00+00:00,2.9719385786324203e-05,4.799233558507769e-05
2026-06-17 00:00:00+00:00,3.427379452301521e-05,4.7216824641634285e-05
2026-06-18 00:00:00+00:00,4.207869923530697e-05,4.756705335157522e-05
2026-06-19 00:00:00+00:00,4.651192350799895e-05,4.7873670330600754e-05
2026-06-20 00:00:00+00:00,3.337857731711472e-05,4.825418878589524e-05
2026-06-21 00:00:00+00:00,2.8288697704380013e-05,4.7251419021720207e-05
2026-06-22 00:00:00+00:00,2.357645452679153e-05,4.626747472690892e-05
2026-06-23 00:00:00+00:00,,4.6527302213996426e-05
2026-06-24 00:00:00+00:00,2.895126682701768e-05,4.5130385133074185e-05
2026-06-25 00:00:00+00:00,2.876451022034003e-05,4.44759627270567e-05
2026-06-26 00:00:00+00:00,3.71665869765407e-05,4.3274797093292276e-05
2026-06-27 00:00:00+00:00,4.12186883522736e-05,4.287977642248252e-05
2026-06-28 00:00:00+00:00,3.937317661907538e-05,4.206506615381463e-05
2026-06-29 00:00:00+00:00,4.868773502301227e-05,4.230159004200026e-05
2026-06-30 00:00:00+00:00,8.43655342936417e-05,4.384088540934599e-05
2026-07-01 00:00:00+00:00,4.915830180779625e-05,4.4088607137405816e-05
2026-07-02 00:00:00+00:00,5.180390276522799e-05,4.4039971351310655e-05
2026-07-03 00:00:00+00:00,4.217681127942562e-05,4.3367411633827515e-05
2026-07-04 00:00:00+00:00,2.295696579797853e-05,4.0935545226262115e-05
2026-07-05 00:00:00+00:00,2.4017945565212745e-05,4.045989185809467e-05
2026-07-06 00:00:00+00:00,3.1158126148511656e-05,4.059179368091163e-05
2026-07-07 00:00:00+00:00,4.135294147999957e-05,4.050989947858495e-05
2026-07-08 00:00:00+00:00,4.171931862271906e-05,4.054834441022744e-05
2026-07-09 00:00:00+00:00,4.640337696896909e-05,3.984267778660285e-05
2026-07-10 00:00:00+00:00,3.575342331411472e-05,3.919435117972648e-05
2026-07-11 00:00:00+00:00,,3.90470674827328e-05
2026-07-12 00:00:00+00:00,4.1527933386863545e-05,3.913566983645176e-05
2026-07-13 00:00:00+00:00,2.849891937082496e-05,3.8900831464049836e-05
2026-07-14 00:00:00+00:00,3.398581917611988e-05,3.898082513327382e-05
2026-07-15 00:00:00+00:00,1.9867542016828736e-05,3.774058423619376e-05
2026-07-16 00:00:00+00:00,3.255631732331081e-05,3.784190321965757e-05
2026-07-17 00:00:00+00:00,3.745876826790416e-05,3.7955652281975034e-05
2026-07-18 00:00:00+00:00,3.271248092597957e-05,3.7621144485213335e-05
2026-07-19 00:00:00+00:00,3.945594683803696e-05,3.736914531842898e-05
2026-07-20 00:00:00+00:00,3.490888004654109e-05,3.742379898733707e-05
2026-07-21 00:00:00+00:00,5.59509358026844e-05,3.8411736062276514e-05
2026-07-22 00:00:00+00:00,4.19952909357127e-05,3.906955164830941e-05
2026-07-23 00:00:00+00:00,5.473632812097024e-05,3.960978531978047e-05
2026-07-24 00:00:00+00:00,5.6862932979129255e-05,4.057225656640501e-05
2026-07-25 00:00:00+00:00,4.47703337572007e-05,4.112418151595193e-05
2026-07-26 00:00:00+00:00,2.6959010752265883e-05,4.0772196128907964e-05
2026-07-27 00:00:00+00:00,,4.075624997807348e-05
2026-07-28 00:00:00+00:00,2.1809257163747105e-05,4.0128967140383186e-05
2026-07-29 00:00:00+00:00,2.639722151798196e-05,3.933287737234639e-05
2026-07-30 00:00:00+00:00,3.4824783352423066e-05,3.7563564838731444e-05
2026-07-31 00:00:00+00:00,2.989159359528388e-05,3.6875468116856e-05
2026-08-01 00:00:00+00:00,2.0328545856913976e-05,3.575134822727335e-05
2026-08-02 00:00:00+00:00,1.0124775644037458e-05,3.460663266886663e-05
2026-08-03 00:00:00+00:00,2.0530095946124867e-05,3.451995874558614e-05
2026-08-04 00:00:00+00:00,2.9177205788349084e-05,3.470421803926958e-05
2026-08-05 00:00:00+00:00,2.1605805545043427e-05,3.436306373200286e-05
2026-08-06 00:00:00+00:00,3.9401661441926e-05,3.429337515921452e-05
2026-08-07 00:00:00+00:00,2.557000450244893e-05,3.3716613940633446e-05
2026-08-08 00:00:00+00:00,3.2737223949824866e-05,3.3228537047092575e-05
2026-08-09 00:00:00+00:00,2.682162498372649e-05,3.290954424957871e-05
2026-08-10 00:00:00+00:00,5.773373413830996e-05,3.3765550797466e-05
2026-08-11 00:00:00+00:00,4.235629500687102e-05,3.379411499125936e-05
2026-08-12 00:00:00+00:00,3.031528313206791e-05,3.3856748224405674e-05
2026-08-13 00:00:00+00:00,4.3085000001927696e-05,3.4170513080468004e-05
2026-08-14 00:00:00+00:00,5.5369236812993854e-05,3.5394709452749566e-05
2026-08-15 00:00:00+00:00,3.336642294016201e-05,3.5422644129192707e-05
2026-08-16 00:00:00+00:00,2.6156363426046237e-05,3.503290603119761e-05
2026-08-17 00:00:00+00:00,1.551765209032138e-05,3.443998089893353e-05
2026-08-18 00:00:00+00:00,2.0441411641403452e-05,3.3784307271463414e-05
2026-08-19 00:00:00+00:00,2.5197479000339765e-05,3.344943137331854e-05
2026-08-20 00:00:00+00:00,1.996986104517639e-05,3.22087046575424e-05
2026-08-21 00:00:00+00:00,2.3725756925545504e-05,3.1578720726157325e-05
2026-08-22 00:00:00+00:00,2.7720092765031783e-05,3.064712640353876e-05
2026-08-23 00:00:00+00:00,2.6821817217833917e-05,2.9611225860045813e-05
