date,NO2,SO2,CO,HCHO,O3,CH4
2022-12-31,,,,,,
2023-01-01,,,,,0.1206768974661827,
2023-01-02,,,,,0.1196808591485023,
2023-01-03,,,,,0.1195759996771812,
2023-01-04,,-0.000140025993459858,,0.00015894410898908973,0.1207057237625122,
2023-01-05,2.8667316655628383e-05,2.7671419957187027e-05,0.0288066286593675,0.00011772137077059595,0.119881585240364,
2023-01-06,,,0.025501200929284,,0.1197788417339325,
2023-01-07,,-0.00021101333550177517,0.0223100427538156,0.0003446048649493605,0.118720605969429,
2023-01-08,,0.0004085874825250357,,0.0005872803740203381,0.1197286397218704,
2023-01-09,,,0.0240144915878772,,0.1193290874361991,
2023-01-10,,,0.0307295285165309,,0.120025910437107,
2023-01-11,3.185649256920442e-05,0.000577470927964896,0.0249317437410354,2.689120992727112e-05,0.1213998794555664,
2023-01-12,,,0.0291289016604423,,0.1195395365357399,
2023-01-13,,,0.0283235851675272,,0.1200628355145454,
2023-01-14,3.454468242125586e-05,,0.0252012182027101,0.00025956222089007497,0.1190178543329238,
2023-01-15,3.093260602327064e-05,-0.00025840799207799137,,0.000374584982637316,0.1178284287452697,
2023-01-16,3.836476389551535e-05,4.284841998014599e-05,0.0238901656121015,0.0003407979675102979,0.117924727499485,
2023-01-17,,,,,0.1153625473380088,
2023-01-18,,-9.085416968446224e-05,,7.721867405052762e-06,0.1193240210413932,
2023-01-19,,,,,0.1193560883402824,
2023-01-20,,,0.0279946215450763,,0.1189491599798202,
2023-01-21,,,,,0.1202372312545776,
2023-01-22,,,,,0.1200418621301651,
2023-01-23,,0.00010540320363361388,0.0221865233033895,0.0003456411359366029,0.116559699177742,
2023-01-24,,0.00034695304930210114,,0.00027749553555622697,0.1186050698161125,
2023-01-25,,,,,0.119759127497673,
2023-01-26,,,,,0.1191455945372581,
2023-01-27,,,,,0.1174854934215545,
2023-01-28,,,,,0.1201941147446632,
2023-01-29,,3.3842505217762664e-05,,0.0004144143604207784,0.1183129474520683,
2023-01-30,,,,0.0004371297545731068,0.117049254477024,
2023-01-31,3.4348118788329884e-05,0.00027002074057236314,,0.00023888549185357988,0.1173718273639679,
2023-02-01,,,,,0.1165973097085952,
2023-02-02,,,0.029159041121602,,0.1152029111981391,
2023-02-03,,,,,0.1191581264138221,
2023-02-04,,,,,0.1179925426840782,
2023-02-05,,,,,0.11797945946455,
2023-02-06,,,,,0.1193509176373481,
2023-02-07,,,0.0243076104670763,,0.1196116134524345,
2023-02-08,,,0.0253314711153507,,0.1167209669947624,
2023-02-09,,,0.0317017771303653,,0.1160041019320488,
2023-02-10,,,,,0.119025319814682,
2023-02-11,,,0.0300223603844642,,0.1168427839875221,
2023-02-12,,,,,,
2023-02-13,,,0.0268633030354976,,0.1167743802070617,
2023-02-14,,0.0005007549189031124,,0.0002427786821499467,0.1177186146378517,
2023-02-15,,,,,0.1206719130277633,
2023-02-16,,,,,0.1174243465065956,
2023-02-17,,,,,0.1168932616710662,
2023-02-18,,,,,0.1158148273825645,
2023-02-19,,-9.311354369856416e-05,0.0260055568069219,0.00015992535918485373,0.1162354350090026,
2023-02-20,6.56319098197855e-05,0.0001067550401785411,0.0270398631691932,0.00032433943124488,0.1158844977617263,
2023-02-21,3.5569060855777934e-05,-0.00013986878911964595,0.025679288432002,0.0001711588993202895,0.1153944060206413,
2023-02-22,,,0.0265082065016031,,0.1158980578184127,
2023-02-23,,,,,0.114966444671154,
2023-02-24,4.31424195994623e-05,-0.00021504359028767797,,0.00026121875271201134,0.1174381598830223,
2023-02-25,,,0.0316261798143386,,0.1153746470808982,
2023-02-26,,,,,0.1175227686762809,
2023-02-27,,,,,0.1146586686372757,
2023-02-28,,,,,0.1148473545908927,
2023-03-01,,,0.031073672696948,,0.1168273910880088,
2023-03-02,,,,,0.1154916360974311,
2023-03-03,3.5793796996586025e-05,,0.0285785868763923,0.00034069723915308714,0.1173863485455513,
2023-03-04,,,0.0325625948607921,,0.1181467697024345,
2023-03-05,,,0.0296562425792217,,0.1175867319107055,
2023-03-06,4.771345629706048e-05,0.00021673354785889387,0.0303969550877809,0.0001630641199881211,0.1185281127691268,
2023-03-07,7.258365076268092e-05,0.0005004085251130164,0.0307238921523094,0.00043178568012081087,0.1187418028712272,
2023-03-08,,-5.1434994929877575e-06,0.0285278391093015,0.0003046498459298164,0.1200176998972892,
2023-03-09,,,0.0284289233386516,,0.1189929023385047,
2023-03-10,,,0.0310826040804386,,0.1206369251012802,
2023-03-11,8.609648648416623e-05,3.5730376112041995e-05,0.0354340150952339,0.00016561771917622536,0.1237286329269409,
2023-03-12,,,0.0404765717685222,,0.1247577294707298,
2023-03-13,,,0.0331640020012855,,0.1239848211407661,
2023-03-14,,,0.0312304273247718,,0.1224885731935501,
2023-03-15,3.248184657422826e-05,-0.00021175685105845327,0.0363318063318729,0.00015559568419121206,0.1238365471363067,
2023-03-16,2.319685518159531e-05,,0.0387991443276405,,0.1216443479061126,
2023-03-17,8.170107321348041e-05,0.0002447711885906756,,0.00028189641307108104,0.1235679239034652,
2023-03-18,2.6996751330443655e-05,0.0002525705785956234,0.0303166415542364,4.50498700956814e-05,0.1212834566831588,
2023-03-19,3.19476930599194e-05,,,-0.00010380481398897246,0.1190734133124351,
2023-03-20,,,,,0.1185208261013031,
2023-03-21,3.1641342502553016e-05,,0.0289866477251052,,0.118281751871109,
2023-03-22,1.6721485735615715e-05,0.0001223980070790276,0.0282388553023338,-3.918103539035656e-05,0.1177805736660957,
2023-03-23,,,0.0293064154684543,,0.1194591596722602,
2023-03-24,,4.2923835280817e-05,,,0.1182731091976165,
2023-03-25,,,0.0279995519667863,,0.1182963922619819,
2023-03-26,,,,,0.1203057393431663,
2023-03-27,,,,,0.1203808784484863,
2023-03-28,,,,,0.1210629418492317,
2023-03-29,,,,,0.1212859377264976,
2023-03-30,,,,,0.1213875412940979,
2023-03-31,,,,,0.1228755563497543,
2023-04-01,,,0.0342657305300235,,0.1218203455209732,
2023-04-02,,,0.0303685404360294,,0.121435560286045,
2023-04-03,,0.00010939028288703412,0.0265789255499839,0.00015257482300512493,0.1222555488348007,
2023-04-04,,,,,0.1210714131593704,
2023-04-05,9.198404586641118e-05,0.00012866876204498112,,-5.497868187376298e-06,0.1218830943107605,
2023-04-06,,,,,0.1210087239742279,
2023-04-07,,0.00015360760153271258,0.0305426940321922,0.000493953819386661,0.1205493435263633,
2023-04-08,,-9.13140902412124e-05,,0.000281927059404552,0.1194277927279472,
2023-04-09,3.58624747605063e-05,-6.114476855145767e-05,,0.00019815955602098256,0.1199502423405647,
2023-04-10,,,,,0.1170564964413642,
2023-04-11,4.400385660119355e-05,,0.0237287413328886,7.00311065884307e-05,0.116954855620861,
2023-04-12,3.6874036595691e-05,-0.00013546139234676957,0.0220476686954498,0.00013005499204155058,0.1178161352872848,
2023-04-13,,,,,0.1190051063895225,
2023-04-14,,5.706555384676904e-06,0.0302591193467378,0.00015188120596576482,0.1191646754741668,
2023-04-15,5.873000191058964e-05,,0.0269394293427467,,0.1199118047952652,
2023-04-16,,,0.0289773289114236,,0.117566667497158,
2023-04-17,6.1797873058822e-05,-1.929241307152552e-06,,0.0001046145989676006,0.1209961995482444,
2023-04-18,2.521071473893244e-05,0.0007041228236630559,0.0269614774733781,8.180382428690791e-05,0.1189781129360199,
2023-04-19,,0.0001271592191187665,0.0292942505329847,0.00016261031851172447,0.1175068691372871,
2023-04-20,,,,0.00033471276401542127,0.1205064132809639,
2023-04-21,,,,,0.1200334727764129,
2023-04-22,3.551242843968794e-05,-1.159728071797872e-05,0.0235578641295433,5.494606011779979e-05,0.1213248074054718,
2023-04-23,2.405374289082829e-05,-6.800491246394813e-05,0.0251483991742134,0.00016471778508275747,0.1229949817061424,
2023-04-24,2.3695771233178675e-05,0.0007386216311715543,0.0268364232033491,0.00017936383665073663,0.1231078803539276,1886.4896240234373
2023-04-25,2.7718258934328333e-05,0.00016951002180576324,0.024916872382164,6.057928476366215e-05,0.1225169003009796,
2023-04-26,,8.687634544912726e-05,0.0240269359201192,,0.121871642768383,
2023-04-27,3.24478060065303e-05,-4.372240073280409e-05,0.0274913907051086,6.046396811143495e-05,0.1236326470971107,
2023-04-28,,,,,0.1225153356790542,
2023-04-29,,,,,0.1210120171308517,
2023-04-30,,,,,0.1192743405699729,
2023-05-01,,,,,0.121959313750267,
2023-05-02,8.629338481114246e-06,-0.00011418030044296756,,1.1081636330345646e-05,0.1229204684495925,
2023-05-03,3.407030817470513e-05,0.00020973551727365705,0.0292411297559738,8.478334348183125e-05,0.1203207597136497,
2023-05-04,2.5151319277938452e-05,0.0002537700638640672,0.0242277830839157,2.0938392481184565e-05,0.120223231613636,
2023-05-05,,-0.0001993305049836636,,-3.48323883372359e-05,0.1175868287682533,
2023-05-06,,,,-1.786629218258895e-05,0.1187905669212341,
2023-05-07,,,,,0.1193040013313293,
2023-05-08,,0.0002334427990717813,,0.0004666235181502998,0.1175063028931617,
2023-05-09,,,,,0.119944617152214,
2023-05-10,,,,,0.1199853345751762,
2023-05-11,,,,,0.1179310083389282,
2023-05-12,3.56794917024672e-05,0.00027227477403357625,0.0281848330050706,0.00017709427629597485,0.1175747811794281,
2023-05-13,,0.00019972915470134467,0.0256321616470813,,0.1184930652379989,
2023-05-14,3.140668923151679e-05,0.0012986058136448,0.0282488353550434,0.0001842702185967937,0.116820253431797,
2023-05-15,,0.00022421243193093687,0.0318523459136486,0.0003734106430783868,0.1171496361494064,
2023-05-16,,,0.0311013683676719,,0.1166109964251518,
2023-05-17,,2.118071643053554e-05,0.0332688651978969,,0.1170801147818565,
2023-05-18,,0.0002610119991004467,0.0328222438693046,,0.1196292787790298,
2023-05-19,5.005852290196344e-05,0.0001767052453942597,0.0361157208681106,0.00021545651543419808,0.1199734658002853,
2023-05-20,4.6476590796373785e-05,0.00017100955301430076,0.029908774420619,0.0002137687260983512,0.1186370104551315,
2023-05-21,4.3061179894721135e-05,0.00012644266826100647,0.0275754928588867,0.0001621572155272588,0.1190185546875,
2023-05-22,4.010533302789554e-05,,0.0298623032867908,0.00013216753723099828,0.1175404414534568,
2023-05-23,7.662952702958137e-05,0.0003798764373641461,0.0280998665839433,7.850069232517853e-05,0.1177006363868713,
2023-05-24,3.0006041924934838e-05,0.0002568933414295316,0.0321110337972641,3.028480205102824e-05,0.1175438910722732,
2023-05-25,5.960257112747058e-05,7.998919318197295e-05,0.0355383530259132,0.00013586152635980395,0.1143655851483345,1890.1739501953125
2023-05-26,3.1366496841656044e-05,0.0008855712949298322,,0.00011882148828590287,0.1165425553917884,1880.9158935546875
2023-05-27,7.435692532453686e-05,-0.0003692061873152852,0.0360459424555301,0.0001095509942388162,0.1146395578980445,
2023-05-28,6.354408105835319e-05,0.0010688232723623,0.0321928225457668,0.00011164318129885942,0.1166468933224678,
2023-05-29,,,0.0275580286979675,,0.1158072799444198,
2023-05-30,4.681682548834942e-05,0.0003777178644668311,0.0291107427328825,-5.718954525946174e-06,0.116857998073101,
2023-05-31,4.9107671657111496e-05,-5.672317274729721e-05,0.0318902023136615,0.0001418979518348351,0.1135724410414695,1881.5714111328125
2023-06-01,3.824683517450467e-05,0.00010864631622098386,0.0323342978954315,5.603148747468367e-05,0.1162192225456237,
2023-06-02,,0.0022488308604806,,-0.00025599770015105605,0.1153082102537155,
2023-06-03,8.727548993192613e-05,0.00020122010027989745,0.0336679480969905,0.00022335971880238503,0.1207169815897941,
2023-06-04,5.495087680174038e-05,0.0003826642350759357,0.0335027948021888,7.113468745956197e-05,0.1184300780296325,
2023-06-05,,,0.0315163545310497,,0.1178512722253799,
2023-06-06,4.500043360167183e-05,0.00033450842602178454,0.02881570905447,0.0002674297720659524,0.1183379516005516,
2023-06-07,4.41027368651703e-05,,0.0267306789755821,6.866588955745101e-05,0.1182612180709838,
2023-06-08,4.8036788939498365e-05,-0.00012721923121716827,0.0246758181601762,0.0001092463280656375,0.1175460070371627,
2023-06-09,7.237112004077062e-05,0.00023909022274892777,0.0350733809173107,0.0002356457698624581,0.1176062226295471,
2023-06-10,5.269008397590369e-05,0.0006010325159877539,0.0305152516812086,0.00014164870663080364,0.1142556071281433,
2023-06-11,1.566658102092333e-05,-2.573912206571549e-05,0.0208704285323619,0.00015916710253804922,0.1146986559033393,
2023-06-12,4.451091808732599e-05,0.00033878584508784115,,0.0001934730535140261,0.1130541339516639,
2023-06-13,3.647461562650278e-05,0.00042812302126549184,0.0284699145704507,0.00014078570529818535,0.1120611056685447,
2023-06-14,2.102082726196386e-05,0.0001808795350370929,0.0234307441860437,9.91926935967058e-05,0.1153620779514312,
2023-06-15,,6.592859426746145e-05,,,0.1158776059746742,
2023-06-16,7.030318374745548e-05,8.20877103251405e-05,0.0326035395264625,0.0002040479885181412,0.1158341839909553,
2023-06-17,4.6980076149338856e-05,-0.0001131868120864965,0.030008440837264,0.0003631567233242095,0.1174790635704994,1884.5126953125
2023-06-18,3.370820923009887e-05,0.001098986249417,0.0293680019676685,6.687435234198347e-05,0.1152120307087898,
2023-06-19,5.033263732912019e-05,-6.162378849694505e-05,0.0322665013372898,0.00016267648607026786,0.1145308092236518,
2023-06-20,,0.0002963010338135064,0.034507792443037,,0.1146476864814758,
2023-06-21,8.065086149144918e-05,0.0001989004231290892,0.029820017516613,0.00011522840213729069,0.1102567762136459,
2023-06-22,7.312393427127972e-05,-1.72065101651242e-05,,0.0003559643228072673,0.1158732697367668,
2023-06-23,4.285004979465157e-05,,0.0274298600852489,2.084798688883893e-05,0.1162957847118377,
2023-06-24,4.572573016048409e-05,0.0004402560007292777,0.0286688320338726,-2.807987584674265e-05,0.1174464225769043,1895.31005859375
2023-06-25,5.061476258561015e-05,0.00017282523913308978,0.0359740890562534,0.00030133925611153245,0.118263378739357,
2023-06-26,7.045100210234523e-05,3.1360941648017615e-05,0.0367982164025306,0.0004207471793051809,0.1169773712754249,
2023-06-27,,-4.6344455768121406e-05,0.0313511975109577,0.00030588367371819913,0.1178922057151794,
2023-06-28,,1.3527422197512353e-05,0.0318710543215274,0.00023441712255589664,0.1175631880760192,
2023-06-29,3.6616151191992685e-05,0.00019599642837420103,0.0307187996804714,4.805697608389892e-05,0.1176948100328445,
2023-06-30,,0.0004346677742432803,0.0309704337269067,6.08916197961662e-05,0.1181908026337623,
2023-07-01,,,0.0278051868081092,,0.1155944392085075,
2023-07-02,,,0.0266867112368345,,0.1137386485934257,
2023-07-03,8.164102473529056e-05,9.986346412915736e-05,0.0361999869346618,0.00025326991453766823,0.1149020865559578,
2023-07-04,,0.0003178378101438284,0.0361249819397926,,0.1166761592030525,
2023-07-05,,,0.0347610935568809,,0.1179346740245819,
2023-07-06,4.262294896761887e-05,0.0006352458149194717,0.025787403807044,4.344528497313149e-05,0.1158320009708404,
2023-07-07,,,,,0.113911248743534,
2023-07-08,,,,,0.1118438839912414,
2023-07-09,1.7106751329265535e-05,,0.0239839293062686,0.00016569765284657478,0.1126023530960083,
2023-07-10,5.977352338959463e-05,0.0004144279228057712,0.0283846464008092,0.00019710812193807212,0.1112096980214119,
2023-07-11,0.00010934957390418276,0.0012884166790172,0.0301253721117973,0.0003349898324813694,0.1125710159540176,
2023-07-12,8.694401913089678e-05,0.0009783649584278464,0.0318931378424167,0.00019311712821945548,0.1100013926625251,
2023-07-13,,0.0007407249067910016,,0.0003625994431786239,0.1087951511144638,
2023-07-14,6.895347178215161e-05,0.0004440697084646672,0.0295689199119806,0.0001837025920394808,0.1110214665532112,
2023-07-15,,-0.0001761420717230067,0.0263488385826349,0.0002485421719029546,0.109450839459896,
2023-07-16,7.45867655496113e-05,0.0005030225147493184,0.0290981382131576,0.00028600700898095965,0.1137660667300224,
2023-07-17,2.961390418931842e-05,0.0008217365830205381,0.0242120996117591,0.00019869279640261084,0.1126598864793777,1897.369140625
2023-07-18,4.662240098696202e-05,-0.0002095371601171792,0.0244809202849864,0.00013731462240684775,0.1085248589515686,1891.3519287109373
2023-07-19,3.778840255108662e-05,0.00020445599511731416,0.0261996630579233,0.00023631453223060817,0.1108529344201088,1906.888671875
2023-07-20,9.763961134012789e-05,0.0008531316416338086,0.034801498055458,0.000397246825741604,0.1118011996150016,
2023-07-21,,0.0003292632463853806,0.0361391194164752,0.00022844453633297235,0.1122010871767997,
2023-07-22,4.303075547795743e-05,0.0006364567088894546,0.024813363328576,0.00016930812853388488,0.11261797696352,1848.44287109375
2023-07-23,3.05825233226642e-05,0.0003659271460492164,,0.00015767445438541472,0.1096711754798889,1890.33203125
2023-07-24,3.117762753390707e-05,0.0003400385903660208,0.0287556573748588,0.00018173498392570764,0.1123236343264579,1883.3763427734373
2023-07-25,4.612296470440924e-05,,0.0277280509471893,0.0003358207468409091,0.1137094944715499,
2023-07-26,,,0.0324366092681884,,0.1128481552004814,
2023-07-27,4.593998164637014e-05,0.00015645766688976437,0.0261586476117372,0.00037392121157608926,0.1162267997860908,
2023-07-28,3.679652218124829e-05,0.00013439265603665262,0.0276067163795232,7.22016702638939e-05,0.1149419248104095,
2023-07-29,1.7459215087001212e-05,0.0003276975476182997,0.0266755018383264,-8.982911822386086e-05,0.1141486763954162,
2023-07-30,2.935731572506484e-05,0.0002484988945070654,0.0244867913424968,8.59059946378693e-05,0.1125874370336532,
2023-07-31,1.598361814103555e-05,-0.000141331969643943,0.0252006947994232,8.520035771653056e-05,0.1134844273328781,
2023-08-01,1.473404154239688e-05,5.9135669289389625e-05,0.0258175507187843,0.0001162267435574904,0.1151551157236099,1869.2061767578125
2023-08-02,3.444459798629396e-05,-1.95796001207782e-05,0.023033095523715,1.3655271686729977e-05,0.1131149977445602,1870.6575927734373
2023-08-03,4.027825343655422e-05,0.00013186823343858123,0.0264652650803327,0.0002530174679122865,0.112356036901474,1884.0281982421875
2023-08-04,5.203639011597261e-05,4.220960545353592e-05,,0.00030734308529645205,0.1116066351532936,
2023-08-05,4.681746213464066e-05,-0.0004968518624082208,0.0287551376968622,0.0002635782293509692,0.114066258072853,
2023-08-06,2.6046367565868422e-05,0.0001871386484708637,0.0268347412347793,8.632784010842443e-05,0.1138198301196098,
2023-08-07,3.8054924516472965e-05,-0.0004935755860060453,0.0259065348654985,0.0002629271475598216,0.1128889918327331,
2023-08-08,3.165713860653341e-05,3.2081729841593187e-06,0.0256258472800254,-4.980440280633047e-05,0.1159895360469818,
2023-08-09,3.453452154644765e-05,0.0002297141181770712,0.0274239666759967,-0.0002564862952567637,0.115639828145504,
2023-08-10,5.501518171513453e-05,,0.0275708492845296,0.0005139165441505611,0.1139767840504646,
2023-08-11,8.64595131133683e-05,0.0002189155202358961,,0.00023015816987026483,0.115043893456459,
2023-08-12,4.8096731916302815e-05,8.446388528682292e-05,0.0287857092916965,0.00012538809096440673,0.11372871696949,
2023-08-13,2.4518520149285905e-05,-0.0001023227596306242,0.0266618411988019,0.00036420466494746506,0.1142476052045822,
2023-08-14,6.411470531020314e-05,0.0001680979476077482,,0.00034420020529069006,0.1163482069969177,
2023-08-15,5.505890294443816e-05,-0.00024280390061903745,0.0346323512494564,0.00015980046009644866,0.1153707131743431,
2023-08-16,5.184125620871782e-05,-0.00017650022346060723,0.03225864097476,0.00035579080577008426,0.1139453575015068,
2023-08-17,5.018600495532155e-05,-5.395002153818496e-05,0.0354669205844402,0.0002256440493511036,0.1138858646154403,
2023-08-18,1.8204289517598227e-05,-0.0001243508158950135,0.0257171299308538,0.00033885054290294647,0.1144850999116897,
2023-08-19,3.512355033308268e-05,0.0006121728220023215,0.0298496391624212,0.00028037148877047,0.1117990463972091,
2023-08-20,1.7826230759965256e-05,0.00042154639959335327,0.0287261456251144,0.00035365458461456,0.1116427257657051,
2023-08-21,4.863039430347271e-05,1.2590205187734682e-05,0.0310355983674526,6.377304816851392e-05,0.1136730015277862,
2023-08-22,3.67243992513977e-05,-0.00013501248031388968,0.0283807590603828,0.00033016077941283584,0.1134063303470611,
2023-08-23,3.53273717337288e-05,7.012613059487194e-05,,0.00021949262009002268,0.1142360270023346,
2023-08-24,2.7244097509537823e-05,-4.859185719396919e-05,0.0251376535743474,-6.115082942415029e-05,0.1140857636928558,
2023-08-25,4.288930358598009e-05,-0.00040112127317115664,0.0285481996834278,2.584434514574241e-05,0.1151808351278305,
2023-08-26,5.217724174144678e-05,,0.0282513704150915,0.0003186977410223335,0.1167663410305976,
2023-08-27,5.518447142094374e-05,0.00014674586418550462,0.0360985100269317,8.285259536933154e-05,0.1178104877471923,
2023-08-28,2.20611418626504e-05,0.0001643940049689263,0.0281842909753322,0.00011402233212720604,0.1190891340374946,
2023-08-29,4.126760904910043e-05,0.000888753856997937,0.0312531515955925,0.00020492367912083864,0.1184964850544929,
2023-08-30,2.664549356268253e-05,-0.00018745000124908984,0.0295048300176858,-8.629081276012585e-05,0.1189960613846778,
2023-08-31,3.251744419685565e-05,-0.0004062357184011489,,0.00033939414424821734,0.1173235177993774,
2023-09-01,3.4623568353708833e-05,0.0008671219111420214,0.0336792692542076,0.00014803434896748513,0.1168190166354179,
2023-09-02,3.10048671963159e-05,0.0001073994062608108,0.0286236312240362,0.0002439935487927869,0.1166299134492874,1892.7132568359373
2023-09-03,4.023975998279639e-05,,0.028535321354866,,,1853.78515625
2023-09-04,4.213154898025096e-05,-3.7041307223262265e-05,,7.299824937945232e-05,0.11617062240839,
2023-09-05,1.8480768630979583e-05,-0.0002650412207003683,0.0330299772322177,7.18387818778865e-05,0.1172835081815719,1905.8382568359373
2023-09-06,6.319581007119268e-05,-0.00021751293388661,0.0344732142984867,-0.0001969089935300872,0.1163131967186927,
2023-09-07,0.00010315372492186724,5.7953053328674287e-05,0.0416843295097351,0.000205027186893858,0.1175348311662674,
2023-09-08,3.132662459393032e-05,0.00013508368283510208,0.0443027839064598,0.00025479545001871884,0.1200807988643646,
2023-09-09,5.555777534027584e-05,0.00017277327424380928,,0.00021914935496170076,0.1166199818253517,1897.6287841796875
2023-09-10,3.877199560520239e-05,-0.0002121048019034788,0.0310431532561779,1.0668018148862757e-05,0.1162231713533401,1884.5799560546875
2023-09-11,1.9260909539298154e-05,,0.0239744912832975,-5.3169645980233327e-05,0.1169889271259307,
2023-09-12,3.2750256650615484e-05,0.0002985306491609663,,0.0001933108869707212,0.1168566569685936,
2023-09-13,4.511549195740372e-05,0.0002943206927739084,,0.0002143747260561213,0.1160288825631141,1890.064208984375
2023-09-14,2.356576442252845e-05,0.00022031956177670509,0.0346336588263511,0.00016913810395635664,0.1159558072686195,
2023-09-15,1.597258415131364e-05,-0.00018235469178762287,,8.866072312230244e-05,0.1182655319571495,1882.721923828125
2023-09-16,1.6007505109882914e-05,0.000352669128915295,0.0291888006031513,7.310842192964628e-05,0.1183026209473609,
2023-09-17,,,,,0.1175270453095436,
2023-09-18,,0.0003440160944592208,0.0400162190198898,,0.1182550862431526,
2023-09-19,6.365661101881415e-05,0.00017364912491757423,0.0398563705384731,0.0001804012426873669,0.1187540888786315,
2023-09-20,7.295280374819413e-05,0.00034739673719741404,,0.0004403724742587656,0.1171961724758148,
2023-09-21,5.6218392273876816e-05,0.0004054132441524416,,0.0003984779759775847,0.1173271387815475,
2023-09-22,5.794178650830872e-05,-2.0811798151498809e-07,0.0378266684710979,7.971675950102508e-05,0.1161259263753891,
2023-09-23,2.2529267880599942e-05,0.0003593891742639244,0.0294454861432313,7.029010157566518e-05,0.1149188503623008,1853.1866455078125
2023-09-24,1.5644394807168283e-05,0.00042999698780477047,,0.00017771011334843934,0.1181915402412414,1881.8509521484373
2023-09-25,2.5299803382949904e-05,0.0014703123597428,,0.00016092005535028875,0.1177488043904304,
2023-09-26,2.5308474505436607e-05,0.00024528999347239733,0.0321068800985813,0.00010949677380267532,0.1199773475527763,1889.935791015625
2023-09-27,3.0957464332459494e-05,,0.0319531001150608,-3.499150989227928e-05,0.1204437166452407,
2023-09-28,2.4928240236476995e-05,0.0011474986094981,,0.00014258189185056835,0.1199240535497665,1856.3614501953125
2023-09-29,2.628338552312925e-05,0.000782335177063942,0.0360706858336925,0.0002901439438574016,0.1200440526008606,1888.5438232421875
2023-09-30,4.556240673991852e-05,0.00040772586362436414,,0.0003289973537903279,0.1204495057463646,1890.8126220703125
2023-10-01,3.248671055189334e-05,0.0005712363054044545,0.0399104803800582,0.00037584398523904383,0.1178145259618759,1892.925048828125
2023-10-02,4.909632843919098e-05,-0.0001906713587231934,0.0401603132486343,9.592471906216816e-05,0.116670474410057,
2023-10-03,4.4984528358327225e-05,9.807018068386242e-05,,0.00017440307419747114,0.1167798936367034,
2023-10-04,3.270430534030311e-05,-9.876707918010652e-05,0.0295007787644863,0.0002161293086828664,0.1159249171614646,
2023-10-05,3.431526420172304e-05,0.0002396434429101646,0.0297327525913715,0.00021863997972104696,0.1172736585140228,1898.45263671875
2023-10-06,3.327070226077922e-05,0.0007081640069372952,0.0318315513432025,0.00018622889183461663,0.1157531142234802,1886.4705810546875
2023-10-07,4.405201616464183e-05,-1.3968951861897947e-05,0.0418756455183029,0.00010721580474637447,0.1162409111857414,
2023-10-08,1.27909979710239e-05,-0.0012121775653213,0.0363692231476306,9.448001947021112e-05,0.1185394003987312,
2023-10-09,2.7892208890989423e-05,-0.00019832365796901288,,0.0003027087659575045,0.1187276542186737,1897.661376953125
2023-10-10,3.845863830065355e-05,0.000333702249918133,0.0431938953697681,0.00016828520165290684,0.1199568808078765,
2023-10-11,3.126514639006928e-05,8.380849612876773e-05,,-0.000108506137621589,0.1181556209921836,1882.331787109375
2023-10-12,2.673653398233e-05,9.379037510370836e-05,0.0363064259290695,0.0003587834944482893,0.1198427528142929,1906.1219482421875
2023-10-13,4.642123531084508e-05,,0.0385305359959602,0.00017959001706913114,0.120529681444168,
2023-10-14,2.328831033082679e-05,4.6700326493009925e-05,,0.00026028824504464865,0.1206184700131416,1882.129150390625
2023-10-15,1.598859489604365e-05,0.0001760201994329691,0.0362881645560264,9.941128519130872e-05,0.1174510568380355,
2023-10-16,2.857636900444049e-05,-3.4618326026247814e-05,0.039222989231348,4.060058927279897e-05,0.1169623062014579,
2023-10-17,4.311793600209057e-05,0.00019349997455719856,0.0374210365116596,-2.1037456008343725e-06,0.1215018630027771,1879.3245849609373
2023-10-18,2.6025367333204485e-05,0.0004244258161634207,0.0398569367825984,0.0002346918627154082,0.1199469864368438,
2023-10-19,3.0599494493799284e-05,0.00019164766126777977,,0.00012709721340797842,0.1193481981754303,
2023-10-20,4.659155456465669e-05,-0.0002798125788103789,0.0409773774445056,0.00011133713269373402,0.1194162964820861,1894.72607421875
2023-10-21,5.532569048227742e-05,0.00077674729982391,0.0445780307054519,0.00029176732641644776,0.118554338812828,
2023-10-22,3.494156044325791e-05,0.000878426362760365,0.0498305968940258,0.00019807413627859205,0.1207529455423355,
2023-10-23,5.57487401238177e-05,0.00011205297778360546,0.050702404230833,0.000236960404436104,0.1214124858379364,
2023-10-24,3.6402248952072114e-05,-0.00028850737726315856,0.0523637272417545,3.283911064499989e-05,0.1200855076313018,
2023-10-25,2.917966594395693e-05,2.8541626306832768e-05,,0.00011398612696211784,0.1226216256618499,
2023-10-26,7.051535794744268e-05,0.0001550159067846835,0.0505006127059459,0.0003006206825375557,0.1227950602769851,1893.3341064453125
2023-10-27,5.0871894927695394e-05,-2.079003206745256e-05,0.0446160919964313,0.00011096648086095227,0.118958979845047,1894.89404296875
2023-10-28,2.192751162510831e-05,7.504520181100816e-05,0.0480551421642303,0.0002483531425241381,0.1242476627230644,
2023-10-29,3.94102607970126e-05,,0.0453041940927505,-5.087458703201264e-05,0.1279260963201522,
2023-10-30,3.527447915985249e-05,0.0001910102437250316,,0.00017077758093364537,0.1244282349944114,
2023-10-31,3.844171806122176e-05,0.00015904278552625328,0.0440806001424789,0.00010902449139393866,0.124834194779396,1910.6219482421875
2023-11-01,4.839858593186364e-05,-0.0002452718617860228,,0.0001962128299055621,0.1213492304086685,
2023-11-02,3.808553810813464e-05,-6.820786802563816e-05,0.0357457213103771,-8.511740452377126e-05,0.1175990477204322,
2023-11-03,,,,,0.1186785548925399,
2023-11-04,,,,,0.1203127279877662,
2023-11-05,,,,,0.1193618401885032,
2023-11-06,2.221518116130028e-05,1.909080492623616e-05,0.0386041328310966,-1.5129496205190662e-05,0.1192992627620697,
2023-11-07,6.162046338431537e-05,0.0002330778806935996,0.0439297556877136,0.00021513931278605011,0.1184291839599609,
2023-11-08,9.107841469813138e-05,-6.140110781416297e-05,0.0494394153356552,0.00031855289125815034,0.1214897185564041,
2023-11-09,,,,,0.1179406568408012,
2023-11-10,,,,,0.118726447224617,
2023-11-11,,,,,,
2023-11-12,4.212800558889285e-05,0.0001468573755118996,,0.00015642399375792593,0.1209626570343971,
2023-11-13,3.819778430624865e-05,-0.0007272140355780721,0.0375516228377819,0.00020628779020626095,0.1199214234948158,
2023-11-14,6.588125688722357e-05,,0.0396617278456687,0.0002306025562575087,0.1176911741495132,
2023-11-15,,,,,0.1169020906090736,
2023-11-16,,,0.0406099595129489,,0.1207839399576187,
2023-11-17,,,0.0398835428059101,,0.1222752481698989,
2023-11-18,9.808280447032304e-05,0.0010194481583312,0.0414094999432563,0.0003774194046854973,0.1196553334593772,
2023-11-19,,0.0004961801460012794,0.03996492177248,0.0003779471153393388,0.1179497390985488,
2023-11-20,4.456092574400827e-05,-4.820365575142205e-06,0.0354355946183204,9.195756138069557e-05,0.1182787269353866,
2023-11-21,2.852772558981087e-05,-0.0001255380921065807,0.0344956517219543,0.00017171115905512124,0.1211829036474227,1876.8515625
2023-11-22,3.072647814406082e-05,0.0001751046220306307,0.0332486629486084,0.0002133531670551747,0.1199404597282409,1867.527587890625
2023-11-23,4.917183832731098e-05,7.63668431318365e-05,0.0374016724526882,0.00022871969849802556,0.1206558346748352,
2023-11-24,,,,,0.1177195906639099,
2023-11-25,,,,,0.1184194460511207,
2023-11-26,,,0.0405922718346118,,0.1199119016528129,
2023-11-27,,,,,0.1189672797918319,
2023-11-28,,,,,0.1186414584517479,
2023-11-29,4.821076436201111e-05,9.869409404927865e-05,0.0396801233291626,0.00023465078265871853,0.118673026561737,
2023-11-30,5.564678212977015e-05,,0.0332560203969478,0.00022457289742305875,0.1180847585201263,
2023-12-01,,,,,0.1188378855586052,
2023-12-02,,,,,0.1202231273055076,
2023-12-03,,,,,0.1182543933391571,
2023-12-04,,,,,0.1168833002448082,
2023-12-05,6.428454798879102e-05,0.00011537377577042208,0.0347600169479846,0.0002529722405597568,0.1199101284146308,
2023-12-06,,,,,0.1182195842266082,
2023-12-07,,0.0005258455057628453,0.0352384895086288,0.00012459293066058308,0.115085668861866,
2023-12-08,,,0.0292309410870075,,0.1150049120187759,
2023-12-09,,,0.0321167930960655,,0.1161334887146949,
2023-12-10,,,,,0.1199195235967636,
2023-12-11,,,0.0340220779180526,,0.1198871433734893,
2023-12-12,,,0.0348170660436153,,0.1191394552588462,
2023-12-13,,,0.0284045785665512,,0.1183568611741066,
2023-12-14,,,,,0.1180722638964653,
2023-12-15,,0.000357058976078406,0.0356011167168617,0.0002909944741986692,0.1144749894738197,
2023-12-16,,,0.0317960381507873,0.000270618504146114,0.116451047360897,
2023-12-17,6.365506123984233e-05,0.0002580886066425592,0.0362499915063381,0.0002274222788400948,0.1150431856513023,
2023-12-18,,,0.0362000688910484,,0.1154559105634689,
2023-12-19,7.420657493639737e-05,0.0006252716411836445,0.0430998243391513,0.0003331136249471456,0.1154993548989296,
2023-12-20,5.685932046617381e-05,0.000335528573486954,0.0360306911170482,0.00022876414004713297,0.1167809516191482,
2023-12-21,7.96753738541156e-05,0.0006874850951135159,,0.0004103989922441542,0.1151993572711944,
2023-12-22,,0.0001267092302441597,0.0336975529789924,,0.1133620664477348,
2023-12-23,,0.0002933745563495904,0.0348937734961509,5.461353066493757e-05,0.1147039532661438,
2023-12-24,6.008809941704385e-05,-0.00020593222870957104,0.0342164039611816,0.00030725059332326055,0.1155611723661422,
2023-12-25,,,,,0.1176277846097946,
2023-12-26,,0.0020430362783372,,0.0003485331544652581,0.1138597801327705,
2023-12-27,,5.285145016387105e-05,,0.0003254505281802267,0.1143813729286193,
2023-12-28,,0.00011189696670044214,,0.0003272808389738202,0.1133149489760398,
2023-12-29,3.971658225054853e-05,,0.0334121547639369,,,
2023-12-30,,,0.0280347522348165,,0.1146595627069473,
